[{"selectedanswer":"mouse_osc_amp_click_stop","rightanswer":"mouse_osc_amp_click_stop","videotime":118.2,"durationtime":346.03,"block":"pd","trial":1,"id":"p2","beginTimestamp":"2017-09-01 19:22:01","endTimestamp":"2017-09-01 21:08:32","age":22,"experience":8,"gender":"Male","language":"C++","presentationOrder":"BCA","easier":"Imperative","easierwhy":"The logic flow and the program was easier to relate. The keywords seemed as though I was reading an algorithm written in simple english.\r\nI am more accustomed to C programming compared to graphical codes.","harder":"Dataflow","harderwhy":"Could not relate the logic flow very easily since many events were happening parallely, so it was difficult to deduce a serial or step-by-step flow in the program. \r\nI ended up translating the pure data program into C to understand the logic flow."},{"selectedanswer":"mouseX_to_bright","rightanswer":"mouseX_to_bright","videotime":77.63,"durationtime":157.71,"block":"pd","trial":2,"id":"p2","beginTimestamp":"2017-09-01 19:22:01","endTimestamp":"2017-09-01 21:08:32","age":22,"experience":8,"gender":"Male","language":"C++","presentationOrder":"BCA","easier":"Imperative","easierwhy":"The logic flow and the program was easier to relate. The keywords seemed as though I was reading an algorithm written in simple english.\r\nI am more accustomed to C programming compared to graphical codes.","harder":"Dataflow","harderwhy":"Could not relate the logic flow very easily since many events were happening parallely, so it was difficult to deduce a serial or step-by-step flow in the program. \r\nI ended up translating the pure data program into C to understand the logic flow."},{"selectedanswer":"mouseXY_ramp_off_random_waitRGB_ramp_in_mouse_freq","rightanswer":"keypress_backward_forwards_ramp_mousexy_rgb","videotime":110.01,"durationtime":224.85,"block":"pd","trial":3,"id":"p2","beginTimestamp":"2017-09-01 19:22:01","endTimestamp":"2017-09-01 21:08:32","age":22,"experience":8,"gender":"Male","language":"C++","presentationOrder":"BCA","easier":"Imperative","easierwhy":"The logic flow and the program was easier to relate. The keywords seemed as though I was reading an algorithm written in simple english.\r\nI am more accustomed to C programming compared to graphical codes.","harder":"Dataflow","harderwhy":"Could not relate the logic flow very easily since many events were happening parallely, so it was difficult to deduce a serial or step-by-step flow in the program. \r\nI ended up translating the pure data program into C to understand the logic flow."},{"selectedanswer":"keypress_chageRGB_mouseX_flickering_opacity","rightanswer":"keypress_chageRGB_mouseX_flickering_opacity","videotime":82.27,"durationtime":186.44,"block":"pd","trial":4,"id":"p2","beginTimestamp":"2017-09-01 19:22:01","endTimestamp":"2017-09-01 21:08:32","age":22,"experience":8,"gender":"Male","language":"C++","presentationOrder":"BCA","easier":"Imperative","easierwhy":"The logic flow and the program was easier to relate. The keywords seemed as though I was reading an algorithm written in simple english.\r\nI am more accustomed to C programming compared to graphical codes.","harder":"Dataflow","harderwhy":"Could not relate the logic flow very easily since many events were happening parallely, so it was difficult to deduce a serial or step-by-step flow in the program. \r\nI ended up translating the pure data program into C to understand the logic flow."},{"selectedanswer":"keypress_backward_forwards_ramp_mousexy_rgb","rightanswer":"mouseXY_ramp_off_random_waitRGB_ramp_in_mouse_freq","videotime":116.83,"durationtime":300.41,"block":"pd","trial":5,"id":"p2","beginTimestamp":"2017-09-01 19:22:01","endTimestamp":"2017-09-01 21:08:32","age":22,"experience":8,"gender":"Male","language":"C++","presentationOrder":"BCA","easier":"Imperative","easierwhy":"The logic flow and the program was easier to relate. The keywords seemed as though I was reading an algorithm written in simple english.\r\nI am more accustomed to C programming compared to graphical codes.","harder":"Dataflow","harderwhy":"Could not relate the logic flow very easily since many events were happening parallely, so it was difficult to deduce a serial or step-by-step flow in the program. \r\nI ended up translating the pure data program into C to understand the logic flow."},{"selectedanswer":"inverse_mouseX_to_bright","rightanswer":"inverse_mouseX_to_bright","videotime":34.61,"durationtime":143.21,"block":"pd","trial":6,"id":"p2","beginTimestamp":"2017-09-01 19:22:01","endTimestamp":"2017-09-01 21:08:32","age":22,"experience":8,"gender":"Male","language":"C++","presentationOrder":"BCA","easier":"Imperative","easierwhy":"The logic flow and the program was easier to relate. The keywords seemed as though I was reading an algorithm written in simple english.\r\nI am more accustomed to C programming compared to graphical codes.","harder":"Dataflow","harderwhy":"Could not relate the logic flow very easily since many events were happening parallely, so it was difficult to deduce a serial or step-by-step flow in the program. \r\nI ended up translating the pure data program into C to understand the logic flow."},{"selectedanswer":"mouseX_to_bright","rightanswer":"mouseX_to_bright","videotime":24.91,"durationtime":40.65,"block":"pde","trial":1,"id":"p2","beginTimestamp":"2017-09-01 19:22:01","endTimestamp":"2017-09-01 21:08:32","age":22,"experience":8,"gender":"Male","language":"C++","presentationOrder":"BCA","easier":"Imperative","easierwhy":"The logic flow and the program was easier to relate. The keywords seemed as though I was reading an algorithm written in simple english.\r\nI am more accustomed to C programming compared to graphical codes.","harder":"Dataflow","harderwhy":"Could not relate the logic flow very easily since many events were happening parallely, so it was difficult to deduce a serial or step-by-step flow in the program. \r\nI ended up translating the pure data program into C to understand the logic flow."},{"selectedanswer":"mouse_osc_amp","rightanswer":"mouse_osc_amp","videotime":67.87,"durationtime":202.45,"block":"pde","trial":2,"id":"p2","beginTimestamp":"2017-09-01 19:22:01","endTimestamp":"2017-09-01 21:08:32","age":22,"experience":8,"gender":"Male","language":"C++","presentationOrder":"BCA","easier":"Imperative","easierwhy":"The logic flow and the program was easier to relate. The keywords seemed as though I was reading an algorithm written in simple english.\r\nI am more accustomed to C programming compared to graphical codes.","harder":"Dataflow","harderwhy":"Could not relate the logic flow very easily since many events were happening parallely, so it was difficult to deduce a serial or step-by-step flow in the program. \r\nI ended up translating the pure data program into C to understand the logic flow."},{"selectedanswer":"mouse_osc_amp_click_stop","rightanswer":"mouse_osc_amp_click_stop","videotime":66.42,"durationtime":196.29,"block":"pde","trial":3,"id":"p2","beginTimestamp":"2017-09-01 19:22:01","endTimestamp":"2017-09-01 21:08:32","age":22,"experience":8,"gender":"Male","language":"C++","presentationOrder":"BCA","easier":"Imperative","easierwhy":"The logic flow and the program was easier to relate. The keywords seemed as though I was reading an algorithm written in simple english.\r\nI am more accustomed to C programming compared to graphical codes.","harder":"Dataflow","harderwhy":"Could not relate the logic flow very easily since many events were happening parallely, so it was difficult to deduce a serial or step-by-step flow in the program. \r\nI ended up translating the pure data program into C to understand the logic flow."},{"selectedanswer":"keypress_chageRGB_mouseX_flickering_opacity","rightanswer":"keypress_chageRGB_mouseX_flickering_opacity","videotime":38.63,"durationtime":167,"block":"pde","trial":4,"id":"p2","beginTimestamp":"2017-09-01 19:22:01","endTimestamp":"2017-09-01 21:08:32","age":22,"experience":8,"gender":"Male","language":"C++","presentationOrder":"BCA","easier":"Imperative","easierwhy":"The logic flow and the program was easier to relate. The keywords seemed as though I was reading an algorithm written in simple english.\r\nI am more accustomed to C programming compared to graphical codes.","harder":"Dataflow","harderwhy":"Could not relate the logic flow very easily since many events were happening parallely, so it was difficult to deduce a serial or step-by-step flow in the program. \r\nI ended up translating the pure data program into C to understand the logic flow."},{"selectedanswer":"mouseXY_ramp_off_random_waitRGB_ramp_in_mouse_freq","rightanswer":"mouseXY_ramp_off_random_waitRGB_ramp_in_mouse_freq","videotime":87.58,"durationtime":174.07,"block":"pde","trial":5,"id":"p2","beginTimestamp":"2017-09-01 19:22:01","endTimestamp":"2017-09-01 21:08:32","age":22,"experience":8,"gender":"Male","language":"C++","presentationOrder":"BCA","easier":"Imperative","easierwhy":"The logic flow and the program was easier to relate. The keywords seemed as though I was reading an algorithm written in simple english.\r\nI am more accustomed to C programming compared to graphical codes.","harder":"Dataflow","harderwhy":"Could not relate the logic flow very easily since many events were happening parallely, so it was difficult to deduce a serial or step-by-step flow in the program. \r\nI ended up translating the pure data program into C to understand the logic flow."},{"selectedanswer":"ramp_off_wait_ramp_in","rightanswer":"ramp_off_wait_ramp_in","videotime":24.59,"durationtime":108.2,"block":"pde","trial":6,"id":"p2","beginTimestamp":"2017-09-01 19:22:01","endTimestamp":"2017-09-01 21:08:32","age":22,"experience":8,"gender":"Male","language":"C++","presentationOrder":"BCA","easier":"Imperative","easierwhy":"The logic flow and the program was easier to relate. The keywords seemed as though I was reading an algorithm written in simple english.\r\nI am more accustomed to C programming compared to graphical codes.","harder":"Dataflow","harderwhy":"Could not relate the logic flow very easily since many events were happening parallely, so it was difficult to deduce a serial or step-by-step flow in the program. \r\nI ended up translating the pure data program into C to understand the logic flow."},{"selectedanswer":"keypress_chageRGB_mouseX_flickering_opacity","rightanswer":"keypress_chageRGB_mouseX_flickering_opacity","videotime":0,"durationtime":15.15,"block":"zen","trial":1,"id":"p2","beginTimestamp":"2017-09-01 19:22:01","endTimestamp":"2017-09-01 21:08:32","age":22,"experience":8,"gender":"Male","language":"C++","presentationOrder":"BCA","easier":"Imperative","easierwhy":"The logic flow and the program was easier to relate. The keywords seemed as though I was reading an algorithm written in simple english.\r\nI am more accustomed to C programming compared to graphical codes.","harder":"Dataflow","harderwhy":"Could not relate the logic flow very easily since many events were happening parallely, so it was difficult to deduce a serial or step-by-step flow in the program. \r\nI ended up translating the pure data program into C to understand the logic flow."},{"selectedanswer":"mouseX_to_bright","rightanswer":"mouse_osc_amp","videotime":9.81,"durationtime":42.41,"block":"zen","trial":2,"id":"p2","beginTimestamp":"2017-09-01 19:22:01","endTimestamp":"2017-09-01 21:08:32","age":22,"experience":8,"gender":"Male","language":"C++","presentationOrder":"BCA","easier":"Imperative","easierwhy":"The logic flow and the program was easier to relate. The keywords seemed as though I was reading an algorithm written in simple english.\r\nI am more accustomed to C programming compared to graphical codes.","harder":"Dataflow","harderwhy":"Could not relate the logic flow very easily since many events were happening parallely, so it was difficult to deduce a serial or step-by-step flow in the program. \r\nI ended up translating the pure data program into C to understand the logic flow."},{"selectedanswer":"mouse_osc_amp_click_stop","rightanswer":"keypress_backward_forwards_ramp_mousexy_rgb","videotime":17.58,"durationtime":74.86,"block":"zen","trial":3,"id":"p2","beginTimestamp":"2017-09-01 19:22:01","endTimestamp":"2017-09-01 21:08:32","age":22,"experience":8,"gender":"Male","language":"C++","presentationOrder":"BCA","easier":"Imperative","easierwhy":"The logic flow and the program was easier to relate. The keywords seemed as though I was reading an algorithm written in simple english.\r\nI am more accustomed to C programming compared to graphical codes.","harder":"Dataflow","harderwhy":"Could not relate the logic flow very easily since many events were happening parallely, so it was difficult to deduce a serial or step-by-step flow in the program. \r\nI ended up translating the pure data program into C to understand the logic flow."},{"selectedanswer":"ramp_off_wait_ramp_in","rightanswer":"ramp_off_wait_ramp_in","videotime":21.86,"durationtime":118.12,"block":"zen","trial":4,"id":"p2","beginTimestamp":"2017-09-01 19:22:01","endTimestamp":"2017-09-01 21:08:32","age":22,"experience":8,"gender":"Male","language":"C++","presentationOrder":"BCA","easier":"Imperative","easierwhy":"The logic flow and the program was easier to relate. The keywords seemed as though I was reading an algorithm written in simple english.\r\nI am more accustomed to C programming compared to graphical codes.","harder":"Dataflow","harderwhy":"Could not relate the logic flow very easily since many events were happening parallely, so it was difficult to deduce a serial or step-by-step flow in the program. \r\nI ended up translating the pure data program into C to understand the logic flow."},{"selectedanswer":"mouseX_to_bright","rightanswer":"mouseX_to_bright","videotime":6.82,"durationtime":35.53,"block":"zen","trial":5,"id":"p2","beginTimestamp":"2017-09-01 19:22:01","endTimestamp":"2017-09-01 21:08:32","age":22,"experience":8,"gender":"Male","language":"C++","presentationOrder":"BCA","easier":"Imperative","easierwhy":"The logic flow and the program was easier to relate. The keywords seemed as though I was reading an algorithm written in simple english.\r\nI am more accustomed to C programming compared to graphical codes.","harder":"Dataflow","harderwhy":"Could not relate the logic flow very easily since many events were happening parallely, so it was difficult to deduce a serial or step-by-step flow in the program. \r\nI ended up translating the pure data program into C to understand the logic flow."},{"selectedanswer":"mouseX_to_bright","rightanswer":"inverse_mouseX_to_bright","videotime":7.51,"durationtime":16.73,"block":"zen","trial":6,"id":"p2","beginTimestamp":"2017-09-01 19:22:01","endTimestamp":"2017-09-01 21:08:32","age":22,"experience":8,"gender":"Male","language":"C++","presentationOrder":"BCA","easier":"Imperative","easierwhy":"The logic flow and the program was easier to relate. The keywords seemed as though I was reading an algorithm written in simple english.\r\nI am more accustomed to C programming compared to graphical codes.","harder":"Dataflow","harderwhy":"Could not relate the logic flow very easily since many events were happening parallely, so it was difficult to deduce a serial or step-by-step flow in the program. \r\nI ended up translating the pure data program into C to understand the logic flow."}]
