[{"selectedanswer":"mouse_ramp_off_waitRGB_ramp_in_freq_amp","rightanswer":"mouseXY_ramp_off_random_waitRGB_ramp_in_mouse_freq","videotime":63.81,"durationtime":118.91,"block":"pd","trial":1,"id":"p7","beginTimestamp":"2017-09-05 18:32:02","endTimestamp":"2017-09-05 19:33:37","age":25,"experience":6,"gender":"Male","language":"Python","presentationOrder":"BAC","easier":"ZenStates","easierwhy":"The state names help figure out the function of the program much faster. It's easier to quickly find what variables different parameters depend on. I find the layout easier to skim through in general.","harder":"Dataflow","harderwhy":"I have more experience with code-base generation than node-based systems. It takes longer for me to recognize what each object in model A is doing. It's also often unclear how the input to an object  actually changes its behaviour (at least, this aspect is not represented visually). I also find it hard to parse timer and \"bang\" connections in this model. "},{"selectedanswer":"ramp_off_random_wait_ramp_in","rightanswer":"ramp_off_random_wait_ramp_in","videotime":79.41,"durationtime":176.3,"block":"pd","trial":2,"id":"p7","beginTimestamp":"2017-09-05 18:32:02","endTimestamp":"2017-09-05 19:33:37","age":25,"experience":6,"gender":"Male","language":"Python","presentationOrder":"BAC","easier":"ZenStates","easierwhy":"The state names help figure out the function of the program much faster. It's easier to quickly find what variables different parameters depend on. I find the layout easier to skim through in general.","harder":"Dataflow","harderwhy":"I have more experience with code-base generation than node-based systems. It takes longer for me to recognize what each object in model A is doing. It's also often unclear how the input to an object  actually changes its behaviour (at least, this aspect is not represented visually). I also find it hard to parse timer and \"bang\" connections in this model. "},{"selectedanswer":"ramp_oscillator","rightanswer":"ramp_oscillator","videotime":86.28,"durationtime":195.07,"block":"pd","trial":3,"id":"p7","beginTimestamp":"2017-09-05 18:32:02","endTimestamp":"2017-09-05 19:33:37","age":25,"experience":6,"gender":"Male","language":"Python","presentationOrder":"BAC","easier":"ZenStates","easierwhy":"The state names help figure out the function of the program much faster. It's easier to quickly find what variables different parameters depend on. I find the layout easier to skim through in general.","harder":"Dataflow","harderwhy":"I have more experience with code-base generation than node-based systems. It takes longer for me to recognize what each object in model A is doing. It's also often unclear how the input to an object  actually changes its behaviour (at least, this aspect is not represented visually). I also find it hard to parse timer and \"bang\" connections in this model. "},{"selectedanswer":"backward_ramp","rightanswer":"backward_ramp","videotime":17.96,"durationtime":40.13,"block":"pd","trial":4,"id":"p7","beginTimestamp":"2017-09-05 18:32:02","endTimestamp":"2017-09-05 19:33:37","age":25,"experience":6,"gender":"Male","language":"Python","presentationOrder":"BAC","easier":"ZenStates","easierwhy":"The state names help figure out the function of the program much faster. It's easier to quickly find what variables different parameters depend on. I find the layout easier to skim through in general.","harder":"Dataflow","harderwhy":"I have more experience with code-base generation than node-based systems. It takes longer for me to recognize what each object in model A is doing. It's also often unclear how the input to an object  actually changes its behaviour (at least, this aspect is not represented visually). I also find it hard to parse timer and \"bang\" connections in this model. "},{"selectedanswer":"mouseXY_RGB_keypress_osc_slow_fast","rightanswer":"mouseXY_RGB_keypress_osc_slow_fast","videotime":32.65,"durationtime":67.17,"block":"pd","trial":5,"id":"p7","beginTimestamp":"2017-09-05 18:32:02","endTimestamp":"2017-09-05 19:33:37","age":25,"experience":6,"gender":"Male","language":"Python","presentationOrder":"BAC","easier":"ZenStates","easierwhy":"The state names help figure out the function of the program much faster. It's easier to quickly find what variables different parameters depend on. I find the layout easier to skim through in general.","harder":"Dataflow","harderwhy":"I have more experience with code-base generation than node-based systems. It takes longer for me to recognize what each object in model A is doing. It's also often unclear how the input to an object  actually changes its behaviour (at least, this aspect is not represented visually). I also find it hard to parse timer and \"bang\" connections in this model. "},{"selectedanswer":"inverse_mouseX_to_bright_keypress_random_rgb","rightanswer":"inverse_mouseX_to_bright_keypress_random_rgb","videotime":38.69,"durationtime":65.44,"block":"pd","trial":6,"id":"p7","beginTimestamp":"2017-09-05 18:32:02","endTimestamp":"2017-09-05 19:33:37","age":25,"experience":6,"gender":"Male","language":"Python","presentationOrder":"BAC","easier":"ZenStates","easierwhy":"The state names help figure out the function of the program much faster. It's easier to quickly find what variables different parameters depend on. I find the layout easier to skim through in general.","harder":"Dataflow","harderwhy":"I have more experience with code-base generation than node-based systems. It takes longer for me to recognize what each object in model A is doing. It's also often unclear how the input to an object  actually changes its behaviour (at least, this aspect is not represented visually). I also find it hard to parse timer and \"bang\" connections in this model. "},{"selectedanswer":"backward_ramp","rightanswer":"backward_ramp","videotime":39.01,"durationtime":55.26,"block":"zen","trial":1,"id":"p7","beginTimestamp":"2017-09-05 18:32:02","endTimestamp":"2017-09-05 19:33:37","age":25,"experience":6,"gender":"Male","language":"Python","presentationOrder":"BAC","easier":"ZenStates","easierwhy":"The state names help figure out the function of the program much faster. It's easier to quickly find what variables different parameters depend on. I find the layout easier to skim through in general.","harder":"Dataflow","harderwhy":"I have more experience with code-base generation than node-based systems. It takes longer for me to recognize what each object in model A is doing. It's also often unclear how the input to an object  actually changes its behaviour (at least, this aspect is not represented visually). I also find it hard to parse timer and \"bang\" connections in this model. "},{"selectedanswer":"mouseXY_RGB_keypress_osc_slow_fast","rightanswer":"mouseXY_RGB_keypress_osc_slow_fast","videotime":42.79,"durationtime":67.69,"block":"zen","trial":2,"id":"p7","beginTimestamp":"2017-09-05 18:32:02","endTimestamp":"2017-09-05 19:33:37","age":25,"experience":6,"gender":"Male","language":"Python","presentationOrder":"BAC","easier":"ZenStates","easierwhy":"The state names help figure out the function of the program much faster. It's easier to quickly find what variables different parameters depend on. I find the layout easier to skim through in general.","harder":"Dataflow","harderwhy":"I have more experience with code-base generation than node-based systems. It takes longer for me to recognize what each object in model A is doing. It's also often unclear how the input to an object  actually changes its behaviour (at least, this aspect is not represented visually). I also find it hard to parse timer and \"bang\" connections in this model. "},{"selectedanswer":"ramp_oscillator","rightanswer":"ramp_oscillator","videotime":21,"durationtime":38.4,"block":"zen","trial":3,"id":"p7","beginTimestamp":"2017-09-05 18:32:02","endTimestamp":"2017-09-05 19:33:37","age":25,"experience":6,"gender":"Male","language":"Python","presentationOrder":"BAC","easier":"ZenStates","easierwhy":"The state names help figure out the function of the program much faster. It's easier to quickly find what variables different parameters depend on. I find the layout easier to skim through in general.","harder":"Dataflow","harderwhy":"I have more experience with code-base generation than node-based systems. It takes longer for me to recognize what each object in model A is doing. It's also often unclear how the input to an object  actually changes its behaviour (at least, this aspect is not represented visually). I also find it hard to parse timer and \"bang\" connections in this model. "},{"selectedanswer":"ramp_off_random_wait_ramp_in","rightanswer":"ramp_off_random_wait_ramp_in","videotime":35.63,"durationtime":58.28,"block":"zen","trial":4,"id":"p7","beginTimestamp":"2017-09-05 18:32:02","endTimestamp":"2017-09-05 19:33:37","age":25,"experience":6,"gender":"Male","language":"Python","presentationOrder":"BAC","easier":"ZenStates","easierwhy":"The state names help figure out the function of the program much faster. It's easier to quickly find what variables different parameters depend on. I find the layout easier to skim through in general.","harder":"Dataflow","harderwhy":"I have more experience with code-base generation than node-based systems. It takes longer for me to recognize what each object in model A is doing. It's also often unclear how the input to an object  actually changes its behaviour (at least, this aspect is not represented visually). I also find it hard to parse timer and \"bang\" connections in this model. "},{"selectedanswer":"mouseXY_ramp_off_random_waitRGB_ramp_in_mouse_freq","rightanswer":"mouse_ramp_off_waitRGB_ramp_in_freq_amp","videotime":30.59,"durationtime":51.38,"block":"zen","trial":5,"id":"p7","beginTimestamp":"2017-09-05 18:32:02","endTimestamp":"2017-09-05 19:33:37","age":25,"experience":6,"gender":"Male","language":"Python","presentationOrder":"BAC","easier":"ZenStates","easierwhy":"The state names help figure out the function of the program much faster. It's easier to quickly find what variables different parameters depend on. I find the layout easier to skim through in general.","harder":"Dataflow","harderwhy":"I have more experience with code-base generation than node-based systems. It takes longer for me to recognize what each object in model A is doing. It's also often unclear how the input to an object  actually changes its behaviour (at least, this aspect is not represented visually). I also find it hard to parse timer and \"bang\" connections in this model. "},{"selectedanswer":"mouseX_to_bright","rightanswer":"mouseX_to_bright","videotime":12.54,"durationtime":25.15,"block":"zen","trial":6,"id":"p7","beginTimestamp":"2017-09-05 18:32:02","endTimestamp":"2017-09-05 19:33:37","age":25,"experience":6,"gender":"Male","language":"Python","presentationOrder":"BAC","easier":"ZenStates","easierwhy":"The state names help figure out the function of the program much faster. It's easier to quickly find what variables different parameters depend on. I find the layout easier to skim through in general.","harder":"Dataflow","harderwhy":"I have more experience with code-base generation than node-based systems. It takes longer for me to recognize what each object in model A is doing. It's also often unclear how the input to an object  actually changes its behaviour (at least, this aspect is not represented visually). I also find it hard to parse timer and \"bang\" connections in this model. "},{"selectedanswer":"mouseX_to_bright","rightanswer":"mouseX_to_bright","videotime":26.32,"durationtime":45.42,"block":"pde","trial":1,"id":"p7","beginTimestamp":"2017-09-05 18:32:02","endTimestamp":"2017-09-05 19:33:37","age":25,"experience":6,"gender":"Male","language":"Python","presentationOrder":"BAC","easier":"ZenStates","easierwhy":"The state names help figure out the function of the program much faster. It's easier to quickly find what variables different parameters depend on. I find the layout easier to skim through in general.","harder":"Dataflow","harderwhy":"I have more experience with code-base generation than node-based systems. It takes longer for me to recognize what each object in model A is doing. It's also often unclear how the input to an object  actually changes its behaviour (at least, this aspect is not represented visually). I also find it hard to parse timer and \"bang\" connections in this model. "},{"selectedanswer":"mouseXY_RGB_keypress_osc_slow_fast","rightanswer":"mouseXY_RGB_keypress_osc_slow_fast","videotime":51.23,"durationtime":73.28,"block":"pde","trial":2,"id":"p7","beginTimestamp":"2017-09-05 18:32:02","endTimestamp":"2017-09-05 19:33:37","age":25,"experience":6,"gender":"Male","language":"Python","presentationOrder":"BAC","easier":"ZenStates","easierwhy":"The state names help figure out the function of the program much faster. It's easier to quickly find what variables different parameters depend on. I find the layout easier to skim through in general.","harder":"Dataflow","harderwhy":"I have more experience with code-base generation than node-based systems. It takes longer for me to recognize what each object in model A is doing. It's also often unclear how the input to an object  actually changes its behaviour (at least, this aspect is not represented visually). I also find it hard to parse timer and \"bang\" connections in this model. "},{"selectedanswer":"inverse_mouseX_to_bright_keypress_random_rgb","rightanswer":"inverse_mouseX_to_bright_keypress_random_rgb","videotime":15.86,"durationtime":27.41,"block":"pde","trial":3,"id":"p7","beginTimestamp":"2017-09-05 18:32:02","endTimestamp":"2017-09-05 19:33:37","age":25,"experience":6,"gender":"Male","language":"Python","presentationOrder":"BAC","easier":"ZenStates","easierwhy":"The state names help figure out the function of the program much faster. It's easier to quickly find what variables different parameters depend on. I find the layout easier to skim through in general.","harder":"Dataflow","harderwhy":"I have more experience with code-base generation than node-based systems. It takes longer for me to recognize what each object in model A is doing. It's also often unclear how the input to an object  actually changes its behaviour (at least, this aspect is not represented visually). I also find it hard to parse timer and \"bang\" connections in this model. "},{"selectedanswer":"ramp_off_random_wait_ramp_in","rightanswer":"ramp_off_random_wait_ramp_in","videotime":40.94,"durationtime":61.61,"block":"pde","trial":4,"id":"p7","beginTimestamp":"2017-09-05 18:32:02","endTimestamp":"2017-09-05 19:33:37","age":25,"experience":6,"gender":"Male","language":"Python","presentationOrder":"BAC","easier":"ZenStates","easierwhy":"The state names help figure out the function of the program much faster. It's easier to quickly find what variables different parameters depend on. I find the layout easier to skim through in general.","harder":"Dataflow","harderwhy":"I have more experience with code-base generation than node-based systems. It takes longer for me to recognize what each object in model A is doing. It's also often unclear how the input to an object  actually changes its behaviour (at least, this aspect is not represented visually). I also find it hard to parse timer and \"bang\" connections in this model. "},{"selectedanswer":"ramp_oscillator","rightanswer":"ramp_oscillator","videotime":36.64,"durationtime":53.44,"block":"pde","trial":5,"id":"p7","beginTimestamp":"2017-09-05 18:32:02","endTimestamp":"2017-09-05 19:33:37","age":25,"experience":6,"gender":"Male","language":"Python","presentationOrder":"BAC","easier":"ZenStates","easierwhy":"The state names help figure out the function of the program much faster. It's easier to quickly find what variables different parameters depend on. I find the layout easier to skim through in general.","harder":"Dataflow","harderwhy":"I have more experience with code-base generation than node-based systems. It takes longer for me to recognize what each object in model A is doing. It's also often unclear how the input to an object  actually changes its behaviour (at least, this aspect is not represented visually). I also find it hard to parse timer and \"bang\" connections in this model. "},{"selectedanswer":"mouse_ramp_off_waitRGB_ramp_in_freq_amp","rightanswer":"mouse_ramp_off_waitRGB_ramp_in_freq_amp","videotime":103.53,"durationtime":151.13,"block":"pde","trial":6,"id":"p7","beginTimestamp":"2017-09-05 18:32:02","endTimestamp":"2017-09-05 19:33:37","age":25,"experience":6,"gender":"Male","language":"Python","presentationOrder":"BAC","easier":"ZenStates","easierwhy":"The state names help figure out the function of the program much faster. It's easier to quickly find what variables different parameters depend on. I find the layout easier to skim through in general.","harder":"Dataflow","harderwhy":"I have more experience with code-base generation than node-based systems. It takes longer for me to recognize what each object in model A is doing. It's also often unclear how the input to an object  actually changes its behaviour (at least, this aspect is not represented visually). I also find it hard to parse timer and \"bang\" connections in this model. "}]
