[{"selectedanswer":"random_flickering_wait_silence","rightanswer":"random_flickering_wait_silence","videotime":77.66,"durationtime":128.59,"block":"pd","trial":1,"id":"p13","beginTimestamp":"2017-09-08 18:46:51","endTimestamp":"2017-09-08 19:45:38","age":32,"experience":6,"gender":"Male","language":"Puredata","presentationOrder":"BAC","easier":"ZenStates","easierwhy":"Separation and interconnection of parts is clearest","harder":"Imperative","harderwhy":"Seems non-intuitive, although a familiarity with coding could alter ease of understanding"},{"selectedanswer":"simple_random","rightanswer":"simple_random","videotime":26.42,"durationtime":54.24,"block":"pd","trial":2,"id":"p13","beginTimestamp":"2017-09-08 18:46:51","endTimestamp":"2017-09-08 19:45:38","age":32,"experience":6,"gender":"Male","language":"Puredata","presentationOrder":"BAC","easier":"ZenStates","easierwhy":"Separation and interconnection of parts is clearest","harder":"Imperative","harderwhy":"Seems non-intuitive, although a familiarity with coding could alter ease of understanding"},{"selectedanswer":"forward_ramp","rightanswer":"forward_ramp","videotime":28.57,"durationtime":73.08,"block":"pd","trial":3,"id":"p13","beginTimestamp":"2017-09-08 18:46:51","endTimestamp":"2017-09-08 19:45:38","age":32,"experience":6,"gender":"Male","language":"Puredata","presentationOrder":"BAC","easier":"ZenStates","easierwhy":"Separation and interconnection of parts is clearest","harder":"Imperative","harderwhy":"Seems non-intuitive, although a familiarity with coding could alter ease of understanding"},{"selectedanswer":"mouseclick_random","rightanswer":"mouseclick_random","videotime":35.2,"durationtime":96.36,"block":"pd","trial":4,"id":"p13","beginTimestamp":"2017-09-08 18:46:51","endTimestamp":"2017-09-08 19:45:38","age":32,"experience":6,"gender":"Male","language":"Puredata","presentationOrder":"BAC","easier":"ZenStates","easierwhy":"Separation and interconnection of parts is clearest","harder":"Imperative","harderwhy":"Seems non-intuitive, although a familiarity with coding could alter ease of understanding"},{"selectedanswer":"inverse_mouseX_to_bright_keypress_random_rgb","rightanswer":"inverse_mouseX_to_bright_keypress_random_rgb","videotime":97,"durationtime":131.94,"block":"pd","trial":5,"id":"p13","beginTimestamp":"2017-09-08 18:46:51","endTimestamp":"2017-09-08 19:45:38","age":32,"experience":6,"gender":"Male","language":"Puredata","presentationOrder":"BAC","easier":"ZenStates","easierwhy":"Separation and interconnection of parts is clearest","harder":"Imperative","harderwhy":"Seems non-intuitive, although a familiarity with coding could alter ease of understanding"},{"selectedanswer":"keypress_backward_forwards_ramp_mousexy_rgb","rightanswer":"keypress_backward_forwards_ramp_mousexy_rgb","videotime":69.66,"durationtime":124.25,"block":"pd","trial":6,"id":"p13","beginTimestamp":"2017-09-08 18:46:51","endTimestamp":"2017-09-08 19:45:38","age":32,"experience":6,"gender":"Male","language":"Puredata","presentationOrder":"BAC","easier":"ZenStates","easierwhy":"Separation and interconnection of parts is clearest","harder":"Imperative","harderwhy":"Seems non-intuitive, although a familiarity with coding could alter ease of understanding"},{"selectedanswer":"simple_random","rightanswer":"simple_random","videotime":35.2,"durationtime":77.81,"block":"zen","trial":1,"id":"p13","beginTimestamp":"2017-09-08 18:46:51","endTimestamp":"2017-09-08 19:45:38","age":32,"experience":6,"gender":"Male","language":"Puredata","presentationOrder":"BAC","easier":"ZenStates","easierwhy":"Separation and interconnection of parts is clearest","harder":"Imperative","harderwhy":"Seems non-intuitive, although a familiarity with coding could alter ease of understanding"},{"selectedanswer":"mouseclick_random","rightanswer":"mouseclick_random","videotime":37.02,"durationtime":76.99,"block":"zen","trial":2,"id":"p13","beginTimestamp":"2017-09-08 18:46:51","endTimestamp":"2017-09-08 19:45:38","age":32,"experience":6,"gender":"Male","language":"Puredata","presentationOrder":"BAC","easier":"ZenStates","easierwhy":"Separation and interconnection of parts is clearest","harder":"Imperative","harderwhy":"Seems non-intuitive, although a familiarity with coding could alter ease of understanding"},{"selectedanswer":"keypress_backward_forwards_ramp_mousexy_rgb","rightanswer":"keypress_backward_forwards_ramp_mousexy_rgb","videotime":17.77,"durationtime":71.25,"block":"zen","trial":3,"id":"p13","beginTimestamp":"2017-09-08 18:46:51","endTimestamp":"2017-09-08 19:45:38","age":32,"experience":6,"gender":"Male","language":"Puredata","presentationOrder":"BAC","easier":"ZenStates","easierwhy":"Separation and interconnection of parts is clearest","harder":"Imperative","harderwhy":"Seems non-intuitive, although a familiarity with coding could alter ease of understanding"},{"selectedanswer":"inverse_mouseX_to_bright_keypress_random_rgb","rightanswer":"inverse_mouseX_to_bright_keypress_random_rgb","videotime":27.87,"durationtime":66.11,"block":"zen","trial":4,"id":"p13","beginTimestamp":"2017-09-08 18:46:51","endTimestamp":"2017-09-08 19:45:38","age":32,"experience":6,"gender":"Male","language":"Puredata","presentationOrder":"BAC","easier":"ZenStates","easierwhy":"Separation and interconnection of parts is clearest","harder":"Imperative","harderwhy":"Seems non-intuitive, although a familiarity with coding could alter ease of understanding"},{"selectedanswer":"forward_ramp","rightanswer":"forward_ramp","videotime":24.8,"durationtime":63.74,"block":"zen","trial":5,"id":"p13","beginTimestamp":"2017-09-08 18:46:51","endTimestamp":"2017-09-08 19:45:38","age":32,"experience":6,"gender":"Male","language":"Puredata","presentationOrder":"BAC","easier":"ZenStates","easierwhy":"Separation and interconnection of parts is clearest","harder":"Imperative","harderwhy":"Seems non-intuitive, although a familiarity with coding could alter ease of understanding"},{"selectedanswer":"random_flickering_wait_silence","rightanswer":"random_flickering_wait_silence","videotime":42.47,"durationtime":97.35,"block":"zen","trial":6,"id":"p13","beginTimestamp":"2017-09-08 18:46:51","endTimestamp":"2017-09-08 19:45:38","age":32,"experience":6,"gender":"Male","language":"Puredata","presentationOrder":"BAC","easier":"ZenStates","easierwhy":"Separation and interconnection of parts is clearest","harder":"Imperative","harderwhy":"Seems non-intuitive, although a familiarity with coding could alter ease of understanding"},{"selectedanswer":"inverse_mouseX_to_bright_keypress_random_rgb","rightanswer":"inverse_mouseX_to_bright_keypress_random_rgb","videotime":14.96,"durationtime":50.85,"block":"pde","trial":1,"id":"p13","beginTimestamp":"2017-09-08 18:46:51","endTimestamp":"2017-09-08 19:45:38","age":32,"experience":6,"gender":"Male","language":"Puredata","presentationOrder":"BAC","easier":"ZenStates","easierwhy":"Separation and interconnection of parts is clearest","harder":"Imperative","harderwhy":"Seems non-intuitive, although a familiarity with coding could alter ease of understanding"},{"selectedanswer":"mouseX_RG_AMP_mousey_B_freq","rightanswer":"mouse_osc_amp","videotime":51.17,"durationtime":92.42,"block":"pde","trial":2,"id":"p13","beginTimestamp":"2017-09-08 18:46:51","endTimestamp":"2017-09-08 19:45:38","age":32,"experience":6,"gender":"Male","language":"Puredata","presentationOrder":"BAC","easier":"ZenStates","easierwhy":"Separation and interconnection of parts is clearest","harder":"Imperative","harderwhy":"Seems non-intuitive, although a familiarity with coding could alter ease of understanding"},{"selectedanswer":"mouseclick_random","rightanswer":"mouseclick_random","videotime":47.7,"durationtime":101.66,"block":"pde","trial":3,"id":"p13","beginTimestamp":"2017-09-08 18:46:51","endTimestamp":"2017-09-08 19:45:38","age":32,"experience":6,"gender":"Male","language":"Puredata","presentationOrder":"BAC","easier":"ZenStates","easierwhy":"Separation and interconnection of parts is clearest","harder":"Imperative","harderwhy":"Seems non-intuitive, although a familiarity with coding could alter ease of understanding"},{"selectedanswer":"mouseX_RG_AMP_mousey_B_freq","rightanswer":"mouseX_RG_AMP_mousey_B_freq","videotime":26.14,"durationtime":46.84,"block":"pde","trial":4,"id":"p13","beginTimestamp":"2017-09-08 18:46:51","endTimestamp":"2017-09-08 19:45:38","age":32,"experience":6,"gender":"Male","language":"Puredata","presentationOrder":"BAC","easier":"ZenStates","easierwhy":"Separation and interconnection of parts is clearest","harder":"Imperative","harderwhy":"Seems non-intuitive, although a familiarity with coding could alter ease of understanding"},{"selectedanswer":"random_flickering_wait_silence","rightanswer":"random_flickering_wait_silence","videotime":16.58,"durationtime":46.08,"block":"pde","trial":5,"id":"p13","beginTimestamp":"2017-09-08 18:46:51","endTimestamp":"2017-09-08 19:45:38","age":32,"experience":6,"gender":"Male","language":"Puredata","presentationOrder":"BAC","easier":"ZenStates","easierwhy":"Separation and interconnection of parts is clearest","harder":"Imperative","harderwhy":"Seems non-intuitive, although a familiarity with coding could alter ease of understanding"},{"selectedanswer":"random_flickering_wait_silence","rightanswer":"forward_ramp","videotime":30.36,"durationtime":52.96,"block":"pde","trial":6,"id":"p13","beginTimestamp":"2017-09-08 18:46:51","endTimestamp":"2017-09-08 19:45:38","age":32,"experience":6,"gender":"Male","language":"Puredata","presentationOrder":"BAC","easier":"ZenStates","easierwhy":"Separation and interconnection of parts is clearest","harder":"Imperative","harderwhy":"Seems non-intuitive, although a familiarity with coding could alter ease of understanding"}]
