[{"selectedanswer":"backward_ramp","rightanswer":"backward_ramp","videotime":15.38,"durationtime":36.57,"block":"pde","trial":1,"id":"p10","beginTimestamp":"2017-09-07 17:05:57","endTimestamp":"2017-09-07 17:35:10","age":32,"experience":23,"gender":"Male","language":"Python","presentationOrder":"CBA","easier":"Imperative","easierwhy":"coding style conventions make it easy to skim and extract important relationships. Pd also easy to understand but the need to trace connections visually to determine relationships makes it slightly slower (for me)","harder":"ZenStates","harderwhy":"The state machine description here is unlike other description languages I am familiar with, and the way relationships between elements are expressed is something that I had to learn on top of reading the actual system being described --- so there was an additional task involved."},{"selectedanswer":"keypress_chageRGB_mouseX_flickering_opacity","rightanswer":"keypress_chageRGB_mouseX_flickering_opacity","videotime":29.72,"durationtime":65.72,"block":"pde","trial":2,"id":"p10","beginTimestamp":"2017-09-07 17:05:57","endTimestamp":"2017-09-07 17:35:10","age":32,"experience":23,"gender":"Male","language":"Python","presentationOrder":"CBA","easier":"Imperative","easierwhy":"coding style conventions make it easy to skim and extract important relationships. Pd also easy to understand but the need to trace connections visually to determine relationships makes it slightly slower (for me)","harder":"ZenStates","harderwhy":"The state machine description here is unlike other description languages I am familiar with, and the way relationships between elements are expressed is something that I had to learn on top of reading the actual system being described --- so there was an additional task involved."},{"selectedanswer":"mouseX_to_bright_keypress_rgb","rightanswer":"mouseX_to_bright_keypress_rgb","videotime":34.39,"durationtime":50.54,"block":"pde","trial":3,"id":"p10","beginTimestamp":"2017-09-07 17:05:57","endTimestamp":"2017-09-07 17:35:10","age":32,"experience":23,"gender":"Male","language":"Python","presentationOrder":"CBA","easier":"Imperative","easierwhy":"coding style conventions make it easy to skim and extract important relationships. Pd also easy to understand but the need to trace connections visually to determine relationships makes it slightly slower (for me)","harder":"ZenStates","harderwhy":"The state machine description here is unlike other description languages I am familiar with, and the way relationships between elements are expressed is something that I had to learn on top of reading the actual system being described --- so there was an additional task involved."},{"selectedanswer":"mouseclick_flickering_mouseX_flickering_time","rightanswer":"mouseclick_flickering_mouseX_flickering_time","videotime":19.45,"durationtime":46.5,"block":"pde","trial":4,"id":"p10","beginTimestamp":"2017-09-07 17:05:57","endTimestamp":"2017-09-07 17:35:10","age":32,"experience":23,"gender":"Male","language":"Python","presentationOrder":"CBA","easier":"Imperative","easierwhy":"coding style conventions make it easy to skim and extract important relationships. Pd also easy to understand but the need to trace connections visually to determine relationships makes it slightly slower (for me)","harder":"ZenStates","harderwhy":"The state machine description here is unlike other description languages I am familiar with, and the way relationships between elements are expressed is something that I had to learn on top of reading the actual system being described --- so there was an additional task involved."},{"selectedanswer":"random_flickering_wait_silence","rightanswer":"random_flickering_wait_silence","videotime":15.58,"durationtime":40.48,"block":"pde","trial":5,"id":"p10","beginTimestamp":"2017-09-07 17:05:57","endTimestamp":"2017-09-07 17:35:10","age":32,"experience":23,"gender":"Male","language":"Python","presentationOrder":"CBA","easier":"Imperative","easierwhy":"coding style conventions make it easy to skim and extract important relationships. Pd also easy to understand but the need to trace connections visually to determine relationships makes it slightly slower (for me)","harder":"ZenStates","harderwhy":"The state machine description here is unlike other description languages I am familiar with, and the way relationships between elements are expressed is something that I had to learn on top of reading the actual system being described --- so there was an additional task involved."},{"selectedanswer":"ramp_oscillator","rightanswer":"ramp_oscillator","videotime":8.45,"durationtime":27.11,"block":"pde","trial":6,"id":"p10","beginTimestamp":"2017-09-07 17:05:57","endTimestamp":"2017-09-07 17:35:10","age":32,"experience":23,"gender":"Male","language":"Python","presentationOrder":"CBA","easier":"Imperative","easierwhy":"coding style conventions make it easy to skim and extract important relationships. Pd also easy to understand but the need to trace connections visually to determine relationships makes it slightly slower (for me)","harder":"ZenStates","harderwhy":"The state machine description here is unlike other description languages I am familiar with, and the way relationships between elements are expressed is something that I had to learn on top of reading the actual system being described --- so there was an additional task involved."},{"selectedanswer":"ramp_oscillator","rightanswer":"ramp_oscillator","videotime":18.27,"durationtime":41.26,"block":"pd","trial":1,"id":"p10","beginTimestamp":"2017-09-07 17:05:57","endTimestamp":"2017-09-07 17:35:10","age":32,"experience":23,"gender":"Male","language":"Python","presentationOrder":"CBA","easier":"Imperative","easierwhy":"coding style conventions make it easy to skim and extract important relationships. Pd also easy to understand but the need to trace connections visually to determine relationships makes it slightly slower (for me)","harder":"ZenStates","harderwhy":"The state machine description here is unlike other description languages I am familiar with, and the way relationships between elements are expressed is something that I had to learn on top of reading the actual system being described --- so there was an additional task involved."},{"selectedanswer":"mouseclick_flickering_mouseX_flickering_time","rightanswer":"mouseclick_flickering_mouseX_flickering_time","videotime":6.24,"durationtime":40.02,"block":"pd","trial":2,"id":"p10","beginTimestamp":"2017-09-07 17:05:57","endTimestamp":"2017-09-07 17:35:10","age":32,"experience":23,"gender":"Male","language":"Python","presentationOrder":"CBA","easier":"Imperative","easierwhy":"coding style conventions make it easy to skim and extract important relationships. Pd also easy to understand but the need to trace connections visually to determine relationships makes it slightly slower (for me)","harder":"ZenStates","harderwhy":"The state machine description here is unlike other description languages I am familiar with, and the way relationships between elements are expressed is something that I had to learn on top of reading the actual system being described --- so there was an additional task involved."},{"selectedanswer":"backward_ramp","rightanswer":"backward_ramp","videotime":8.84,"durationtime":17.71,"block":"pd","trial":3,"id":"p10","beginTimestamp":"2017-09-07 17:05:57","endTimestamp":"2017-09-07 17:35:10","age":32,"experience":23,"gender":"Male","language":"Python","presentationOrder":"CBA","easier":"Imperative","easierwhy":"coding style conventions make it easy to skim and extract important relationships. Pd also easy to understand but the need to trace connections visually to determine relationships makes it slightly slower (for me)","harder":"ZenStates","harderwhy":"The state machine description here is unlike other description languages I am familiar with, and the way relationships between elements are expressed is something that I had to learn on top of reading the actual system being described --- so there was an additional task involved."},{"selectedanswer":"keypress_chageRGB_mouseX_flickering_opacity","rightanswer":"mouseX_to_bright_keypress_rgb","videotime":12.82,"durationtime":23.96,"block":"pd","trial":4,"id":"p10","beginTimestamp":"2017-09-07 17:05:57","endTimestamp":"2017-09-07 17:35:10","age":32,"experience":23,"gender":"Male","language":"Python","presentationOrder":"CBA","easier":"Imperative","easierwhy":"coding style conventions make it easy to skim and extract important relationships. Pd also easy to understand but the need to trace connections visually to determine relationships makes it slightly slower (for me)","harder":"ZenStates","harderwhy":"The state machine description here is unlike other description languages I am familiar with, and the way relationships between elements are expressed is something that I had to learn on top of reading the actual system being described --- so there was an additional task involved."},{"selectedanswer":"keypress_chageRGB_mouseX_flickering_opacity","rightanswer":"keypress_chageRGB_mouseX_flickering_opacity","videotime":0.69,"durationtime":14.57,"block":"pd","trial":5,"id":"p10","beginTimestamp":"2017-09-07 17:05:57","endTimestamp":"2017-09-07 17:35:10","age":32,"experience":23,"gender":"Male","language":"Python","presentationOrder":"CBA","easier":"Imperative","easierwhy":"coding style conventions make it easy to skim and extract important relationships. Pd also easy to understand but the need to trace connections visually to determine relationships makes it slightly slower (for me)","harder":"ZenStates","harderwhy":"The state machine description here is unlike other description languages I am familiar with, and the way relationships between elements are expressed is something that I had to learn on top of reading the actual system being described --- so there was an additional task involved."},{"selectedanswer":"mouseX_RG_AMP_mousey_B_freq","rightanswer":"mouseX_RG_AMP_mousey_B_freq","videotime":11.89,"durationtime":21.86,"block":"pd","trial":6,"id":"p10","beginTimestamp":"2017-09-07 17:05:57","endTimestamp":"2017-09-07 17:35:10","age":32,"experience":23,"gender":"Male","language":"Python","presentationOrder":"CBA","easier":"Imperative","easierwhy":"coding style conventions make it easy to skim and extract important relationships. Pd also easy to understand but the need to trace connections visually to determine relationships makes it slightly slower (for me)","harder":"ZenStates","harderwhy":"The state machine description here is unlike other description languages I am familiar with, and the way relationships between elements are expressed is something that I had to learn on top of reading the actual system being described --- so there was an additional task involved."},{"selectedanswer":"keypress_chageRGB_mouseX_flickering_opacity","rightanswer":"keypress_chageRGB_mouseX_flickering_opacity","videotime":10.51,"durationtime":16.71,"block":"zen","trial":1,"id":"p10","beginTimestamp":"2017-09-07 17:05:57","endTimestamp":"2017-09-07 17:35:10","age":32,"experience":23,"gender":"Male","language":"Python","presentationOrder":"CBA","easier":"Imperative","easierwhy":"coding style conventions make it easy to skim and extract important relationships. Pd also easy to understand but the need to trace connections visually to determine relationships makes it slightly slower (for me)","harder":"ZenStates","harderwhy":"The state machine description here is unlike other description languages I am familiar with, and the way relationships between elements are expressed is something that I had to learn on top of reading the actual system being described --- so there was an additional task involved."},{"selectedanswer":"forward_ramp","rightanswer":"forward_ramp","videotime":10.48,"durationtime":19.15,"block":"zen","trial":2,"id":"p10","beginTimestamp":"2017-09-07 17:05:57","endTimestamp":"2017-09-07 17:35:10","age":32,"experience":23,"gender":"Male","language":"Python","presentationOrder":"CBA","easier":"Imperative","easierwhy":"coding style conventions make it easy to skim and extract important relationships. Pd also easy to understand but the need to trace connections visually to determine relationships makes it slightly slower (for me)","harder":"ZenStates","harderwhy":"The state machine description here is unlike other description languages I am familiar with, and the way relationships between elements are expressed is something that I had to learn on top of reading the actual system being described --- so there was an additional task involved."},{"selectedanswer":"mouseclick_flickering_mouseX_flickering_time","rightanswer":"mouseclick_flickering_mouseX_flickering_time","videotime":4.91,"durationtime":13.19,"block":"zen","trial":3,"id":"p10","beginTimestamp":"2017-09-07 17:05:57","endTimestamp":"2017-09-07 17:35:10","age":32,"experience":23,"gender":"Male","language":"Python","presentationOrder":"CBA","easier":"Imperative","easierwhy":"coding style conventions make it easy to skim and extract important relationships. Pd also easy to understand but the need to trace connections visually to determine relationships makes it slightly slower (for me)","harder":"ZenStates","harderwhy":"The state machine description here is unlike other description languages I am familiar with, and the way relationships between elements are expressed is something that I had to learn on top of reading the actual system being described --- so there was an additional task involved."},{"selectedanswer":"backward_ramp","rightanswer":"backward_ramp","videotime":9.63,"durationtime":17.24,"block":"zen","trial":4,"id":"p10","beginTimestamp":"2017-09-07 17:05:57","endTimestamp":"2017-09-07 17:35:10","age":32,"experience":23,"gender":"Male","language":"Python","presentationOrder":"CBA","easier":"Imperative","easierwhy":"coding style conventions make it easy to skim and extract important relationships. Pd also easy to understand but the need to trace connections visually to determine relationships makes it slightly slower (for me)","harder":"ZenStates","harderwhy":"The state machine description here is unlike other description languages I am familiar with, and the way relationships between elements are expressed is something that I had to learn on top of reading the actual system being described --- so there was an additional task involved."},{"selectedanswer":"mouseX_RG_AMP_mousey_B_freq","rightanswer":"mouseX_RG_AMP_mousey_B_freq","videotime":7.67,"durationtime":13.97,"block":"zen","trial":5,"id":"p10","beginTimestamp":"2017-09-07 17:05:57","endTimestamp":"2017-09-07 17:35:10","age":32,"experience":23,"gender":"Male","language":"Python","presentationOrder":"CBA","easier":"Imperative","easierwhy":"coding style conventions make it easy to skim and extract important relationships. Pd also easy to understand but the need to trace connections visually to determine relationships makes it slightly slower (for me)","harder":"ZenStates","harderwhy":"The state machine description here is unlike other description languages I am familiar with, and the way relationships between elements are expressed is something that I had to learn on top of reading the actual system being described --- so there was an additional task involved."},{"selectedanswer":"random_flickering_wait_silence","rightanswer":"random_flickering_wait_silence","videotime":9.99,"durationtime":26.67,"block":"zen","trial":6,"id":"p10","beginTimestamp":"2017-09-07 17:05:57","endTimestamp":"2017-09-07 17:35:10","age":32,"experience":23,"gender":"Male","language":"Python","presentationOrder":"CBA","easier":"Imperative","easierwhy":"coding style conventions make it easy to skim and extract important relationships. Pd also easy to understand but the need to trace connections visually to determine relationships makes it slightly slower (for me)","harder":"ZenStates","harderwhy":"The state machine description here is unlike other description languages I am familiar with, and the way relationships between elements are expressed is something that I had to learn on top of reading the actual system being described --- so there was an additional task involved."}]
