[{"selectedanswer":"mouseX_to_bright","rightanswer":"mouseX_to_bright","videotime":79.03,"durationtime":137.56,"block":"pde","trial":1,"id":"p9","beginTimestamp":"2017-09-06 21:56:52","endTimestamp":"2017-09-06 23:09:15","age":33,"experience":14,"gender":"Male","language":"Processing","presentationOrder":"CAB","easier":"Imperative","easierwhy":"because of my familiarity with programming code.","harder":"Dataflow","harderwhy":"not intuitive at all"},{"selectedanswer":"ramp_off_wait_ramp_in","rightanswer":"ramp_off_wait_ramp_in","videotime":107.15,"durationtime":385.66,"block":"pde","trial":2,"id":"p9","beginTimestamp":"2017-09-06 21:56:52","endTimestamp":"2017-09-06 23:09:15","age":33,"experience":14,"gender":"Male","language":"Processing","presentationOrder":"CAB","easier":"Imperative","easierwhy":"because of my familiarity with programming code.","harder":"Dataflow","harderwhy":"not intuitive at all"},{"selectedanswer":"ramp_off_random_wait_ramp_in","rightanswer":"ramp_off_random_wait_ramp_in","videotime":46.94,"durationtime":100,"block":"pde","trial":3,"id":"p9","beginTimestamp":"2017-09-06 21:56:52","endTimestamp":"2017-09-06 23:09:15","age":33,"experience":14,"gender":"Male","language":"Processing","presentationOrder":"CAB","easier":"Imperative","easierwhy":"because of my familiarity with programming code.","harder":"Dataflow","harderwhy":"not intuitive at all"},{"selectedanswer":"simple_osc","rightanswer":"simple_osc","videotime":44.06,"durationtime":154.06,"block":"pde","trial":4,"id":"p9","beginTimestamp":"2017-09-06 21:56:52","endTimestamp":"2017-09-06 23:09:15","age":33,"experience":14,"gender":"Male","language":"Processing","presentationOrder":"CAB","easier":"Imperative","easierwhy":"because of my familiarity with programming code.","harder":"Dataflow","harderwhy":"not intuitive at all"},{"selectedanswer":"mouseXY_ramp_off_random_waitRGB_ramp_in_mouse_freq","rightanswer":"mouseXY_ramp_off_random_waitRGB_ramp_in_mouse_freq","videotime":52.39,"durationtime":143.43,"block":"pde","trial":5,"id":"p9","beginTimestamp":"2017-09-06 21:56:52","endTimestamp":"2017-09-06 23:09:15","age":33,"experience":14,"gender":"Male","language":"Processing","presentationOrder":"CAB","easier":"Imperative","easierwhy":"because of my familiarity with programming code.","harder":"Dataflow","harderwhy":"not intuitive at all"},{"selectedanswer":"mouseclick_flickering_mouseX_flickering_time","rightanswer":"mouseclick_flickering_mouseX_flickering_time","videotime":38.46,"durationtime":142.32,"block":"pde","trial":6,"id":"p9","beginTimestamp":"2017-09-06 21:56:52","endTimestamp":"2017-09-06 23:09:15","age":33,"experience":14,"gender":"Male","language":"Processing","presentationOrder":"CAB","easier":"Imperative","easierwhy":"because of my familiarity with programming code.","harder":"Dataflow","harderwhy":"not intuitive at all"},{"selectedanswer":"mouseX_to_bright_keypress_rgb","rightanswer":"mouseX_to_bright_keypress_rgb","videotime":31.92,"durationtime":64.14,"block":"zen","trial":1,"id":"p9","beginTimestamp":"2017-09-06 21:56:52","endTimestamp":"2017-09-06 23:09:15","age":33,"experience":14,"gender":"Male","language":"Processing","presentationOrder":"CAB","easier":"Imperative","easierwhy":"because of my familiarity with programming code.","harder":"Dataflow","harderwhy":"not intuitive at all"},{"selectedanswer":"mouseX_to_bright","rightanswer":"mouseX_to_bright","videotime":32.41,"durationtime":77.22,"block":"zen","trial":2,"id":"p9","beginTimestamp":"2017-09-06 21:56:52","endTimestamp":"2017-09-06 23:09:15","age":33,"experience":14,"gender":"Male","language":"Processing","presentationOrder":"CAB","easier":"Imperative","easierwhy":"because of my familiarity with programming code.","harder":"Dataflow","harderwhy":"not intuitive at all"},{"selectedanswer":"ramp_off_random_wait_ramp_in","rightanswer":"ramp_off_random_wait_ramp_in","videotime":29.51,"durationtime":91.61,"block":"zen","trial":3,"id":"p9","beginTimestamp":"2017-09-06 21:56:52","endTimestamp":"2017-09-06 23:09:15","age":33,"experience":14,"gender":"Male","language":"Processing","presentationOrder":"CAB","easier":"Imperative","easierwhy":"because of my familiarity with programming code.","harder":"Dataflow","harderwhy":"not intuitive at all"},{"selectedanswer":"mouseclick_flickering_mouseX_flickering_time","rightanswer":"mouseclick_flickering_mouseX_flickering_time","videotime":47.14,"durationtime":133.02,"block":"zen","trial":4,"id":"p9","beginTimestamp":"2017-09-06 21:56:52","endTimestamp":"2017-09-06 23:09:15","age":33,"experience":14,"gender":"Male","language":"Processing","presentationOrder":"CAB","easier":"Imperative","easierwhy":"because of my familiarity with programming code.","harder":"Dataflow","harderwhy":"not intuitive at all"},{"selectedanswer":"simple_osc","rightanswer":"simple_osc","videotime":53.07,"durationtime":137.47,"block":"zen","trial":5,"id":"p9","beginTimestamp":"2017-09-06 21:56:52","endTimestamp":"2017-09-06 23:09:15","age":33,"experience":14,"gender":"Male","language":"Processing","presentationOrder":"CAB","easier":"Imperative","easierwhy":"because of my familiarity with programming code.","harder":"Dataflow","harderwhy":"not intuitive at all"},{"selectedanswer":"ramp_off_wait_ramp_in","rightanswer":"ramp_off_wait_ramp_in","videotime":19.27,"durationtime":58.44,"block":"zen","trial":6,"id":"p9","beginTimestamp":"2017-09-06 21:56:52","endTimestamp":"2017-09-06 23:09:15","age":33,"experience":14,"gender":"Male","language":"Processing","presentationOrder":"CAB","easier":"Imperative","easierwhy":"because of my familiarity with programming code.","harder":"Dataflow","harderwhy":"not intuitive at all"},{"selectedanswer":"mouseXY_ramp_off_random_waitRGB_ramp_in_mouse_freq","rightanswer":"mouseXY_ramp_off_random_waitRGB_ramp_in_mouse_freq","videotime":26.13,"durationtime":54.24,"block":"pd","trial":1,"id":"p9","beginTimestamp":"2017-09-06 21:56:52","endTimestamp":"2017-09-06 23:09:15","age":33,"experience":14,"gender":"Male","language":"Processing","presentationOrder":"CAB","easier":"Imperative","easierwhy":"because of my familiarity with programming code.","harder":"Dataflow","harderwhy":"not intuitive at all"},{"selectedanswer":"ramp_off_random_wait_ramp_in","rightanswer":"ramp_off_random_wait_ramp_in","videotime":27.29,"durationtime":67.74,"block":"pd","trial":2,"id":"p9","beginTimestamp":"2017-09-06 21:56:52","endTimestamp":"2017-09-06 23:09:15","age":33,"experience":14,"gender":"Male","language":"Processing","presentationOrder":"CAB","easier":"Imperative","easierwhy":"because of my familiarity with programming code.","harder":"Dataflow","harderwhy":"not intuitive at all"},{"selectedanswer":"simple_osc","rightanswer":"simple_osc","videotime":40.68,"durationtime":105,"block":"pd","trial":3,"id":"p9","beginTimestamp":"2017-09-06 21:56:52","endTimestamp":"2017-09-06 23:09:15","age":33,"experience":14,"gender":"Male","language":"Processing","presentationOrder":"CAB","easier":"Imperative","easierwhy":"because of my familiarity with programming code.","harder":"Dataflow","harderwhy":"not intuitive at all"},{"selectedanswer":"mouseclick_flickering_mouseX_flickering_time","rightanswer":"mouseclick_flickering_mouseX_flickering_time","videotime":30.55,"durationtime":56.96,"block":"pd","trial":4,"id":"p9","beginTimestamp":"2017-09-06 21:56:52","endTimestamp":"2017-09-06 23:09:15","age":33,"experience":14,"gender":"Male","language":"Processing","presentationOrder":"CAB","easier":"Imperative","easierwhy":"because of my familiarity with programming code.","harder":"Dataflow","harderwhy":"not intuitive at all"},{"selectedanswer":"ramp_off_wait_ramp_in","rightanswer":"ramp_off_wait_ramp_in","videotime":25.43,"durationtime":58.9,"block":"pd","trial":5,"id":"p9","beginTimestamp":"2017-09-06 21:56:52","endTimestamp":"2017-09-06 23:09:15","age":33,"experience":14,"gender":"Male","language":"Processing","presentationOrder":"CAB","easier":"Imperative","easierwhy":"because of my familiarity with programming code.","harder":"Dataflow","harderwhy":"not intuitive at all"},{"selectedanswer":"mouseX_to_bright","rightanswer":"mouseX_to_bright","videotime":14.25,"durationtime":45.06,"block":"pd","trial":6,"id":"p9","beginTimestamp":"2017-09-06 21:56:52","endTimestamp":"2017-09-06 23:09:15","age":33,"experience":14,"gender":"Male","language":"Processing","presentationOrder":"CAB","easier":"Imperative","easierwhy":"because of my familiarity with programming code.","harder":"Dataflow","harderwhy":"not intuitive at all"}]
