[{"selectedanswer":"mouseX_to_bright_keypress_rgb","rightanswer":"mouseX_to_bright_keypress_rgb","videotime":8.36,"durationtime":20.89,"block":"zen","trial":1,"id":"p6","beginTimestamp":"2017-09-05 13:30:52","endTimestamp":"2017-09-05 14:16:35","age":24,"experience":5,"gender":"Male","language":"Python","presentationOrder":"ACB","easier":"ZenStates","easierwhy":"The combination of a graphic display and common variable names made it the most straightforward. PD and more normal programming require the learning of a new syntax; C had a simple syntax.","harder":"Dataflow","harderwhy":"I'm much more comfortable in standard programming environments than in ones like Max/MSP or PD. Processing is similar in structure to the Python or C++ programs I've written in the past. "},{"selectedanswer":"keypress_backward_forwards_ramp_mousexy_rgb","rightanswer":"keypress_backward_forwards_ramp_mousexy_rgb","videotime":62.22,"durationtime":91.75,"block":"zen","trial":2,"id":"p6","beginTimestamp":"2017-09-05 13:30:52","endTimestamp":"2017-09-05 14:16:35","age":24,"experience":5,"gender":"Male","language":"Python","presentationOrder":"ACB","easier":"ZenStates","easierwhy":"The combination of a graphic display and common variable names made it the most straightforward. PD and more normal programming require the learning of a new syntax; C had a simple syntax.","harder":"Dataflow","harderwhy":"I'm much more comfortable in standard programming environments than in ones like Max/MSP or PD. Processing is similar in structure to the Python or C++ programs I've written in the past. "},{"selectedanswer":"ramp_oscillator","rightanswer":"ramp_oscillator","videotime":74.81,"durationtime":126.1,"block":"zen","trial":3,"id":"p6","beginTimestamp":"2017-09-05 13:30:52","endTimestamp":"2017-09-05 14:16:35","age":24,"experience":5,"gender":"Male","language":"Python","presentationOrder":"ACB","easier":"ZenStates","easierwhy":"The combination of a graphic display and common variable names made it the most straightforward. PD and more normal programming require the learning of a new syntax; C had a simple syntax.","harder":"Dataflow","harderwhy":"I'm much more comfortable in standard programming environments than in ones like Max/MSP or PD. Processing is similar in structure to the Python or C++ programs I've written in the past. "},{"selectedanswer":"mouseX_to_bright","rightanswer":"mouseX_to_bright","videotime":13,"durationtime":28.29,"block":"zen","trial":4,"id":"p6","beginTimestamp":"2017-09-05 13:30:52","endTimestamp":"2017-09-05 14:16:35","age":24,"experience":5,"gender":"Male","language":"Python","presentationOrder":"ACB","easier":"ZenStates","easierwhy":"The combination of a graphic display and common variable names made it the most straightforward. PD and more normal programming require the learning of a new syntax; C had a simple syntax.","harder":"Dataflow","harderwhy":"I'm much more comfortable in standard programming environments than in ones like Max/MSP or PD. Processing is similar in structure to the Python or C++ programs I've written in the past. "},{"selectedanswer":"mouse_osc_amp","rightanswer":"mouse_osc_amp","videotime":44.99,"durationtime":87.01,"block":"zen","trial":5,"id":"p6","beginTimestamp":"2017-09-05 13:30:52","endTimestamp":"2017-09-05 14:16:35","age":24,"experience":5,"gender":"Male","language":"Python","presentationOrder":"ACB","easier":"ZenStates","easierwhy":"The combination of a graphic display and common variable names made it the most straightforward. PD and more normal programming require the learning of a new syntax; C had a simple syntax.","harder":"Dataflow","harderwhy":"I'm much more comfortable in standard programming environments than in ones like Max/MSP or PD. Processing is similar in structure to the Python or C++ programs I've written in the past. "},{"selectedanswer":"mouse_osc_amp_click_stop","rightanswer":"mouse_osc_amp_click_stop","videotime":6.83,"durationtime":18.51,"block":"zen","trial":6,"id":"p6","beginTimestamp":"2017-09-05 13:30:52","endTimestamp":"2017-09-05 14:16:35","age":24,"experience":5,"gender":"Male","language":"Python","presentationOrder":"ACB","easier":"ZenStates","easierwhy":"The combination of a graphic display and common variable names made it the most straightforward. PD and more normal programming require the learning of a new syntax; C had a simple syntax.","harder":"Dataflow","harderwhy":"I'm much more comfortable in standard programming environments than in ones like Max/MSP or PD. Processing is similar in structure to the Python or C++ programs I've written in the past. "},{"selectedanswer":"ramp_oscillator","rightanswer":"ramp_oscillator","videotime":30.39,"durationtime":81.24,"block":"pde","trial":1,"id":"p6","beginTimestamp":"2017-09-05 13:30:52","endTimestamp":"2017-09-05 14:16:35","age":24,"experience":5,"gender":"Male","language":"Python","presentationOrder":"ACB","easier":"ZenStates","easierwhy":"The combination of a graphic display and common variable names made it the most straightforward. PD and more normal programming require the learning of a new syntax; C had a simple syntax.","harder":"Dataflow","harderwhy":"I'm much more comfortable in standard programming environments than in ones like Max/MSP or PD. Processing is similar in structure to the Python or C++ programs I've written in the past. "},{"selectedanswer":"mouseX_to_bright","rightanswer":"mouseX_to_bright","videotime":30.02,"durationtime":50.46,"block":"pde","trial":2,"id":"p6","beginTimestamp":"2017-09-05 13:30:52","endTimestamp":"2017-09-05 14:16:35","age":24,"experience":5,"gender":"Male","language":"Python","presentationOrder":"ACB","easier":"ZenStates","easierwhy":"The combination of a graphic display and common variable names made it the most straightforward. PD and more normal programming require the learning of a new syntax; C had a simple syntax.","harder":"Dataflow","harderwhy":"I'm much more comfortable in standard programming environments than in ones like Max/MSP or PD. Processing is similar in structure to the Python or C++ programs I've written in the past. "},{"selectedanswer":"mouse_osc_amp","rightanswer":"mouse_osc_amp","videotime":26.14,"durationtime":51.63,"block":"pde","trial":3,"id":"p6","beginTimestamp":"2017-09-05 13:30:52","endTimestamp":"2017-09-05 14:16:35","age":24,"experience":5,"gender":"Male","language":"Python","presentationOrder":"ACB","easier":"ZenStates","easierwhy":"The combination of a graphic display and common variable names made it the most straightforward. PD and more normal programming require the learning of a new syntax; C had a simple syntax.","harder":"Dataflow","harderwhy":"I'm much more comfortable in standard programming environments than in ones like Max/MSP or PD. Processing is similar in structure to the Python or C++ programs I've written in the past. "},{"selectedanswer":"mouse_osc_amp_click_stop","rightanswer":"mouse_osc_amp_click_stop","videotime":41.84,"durationtime":85.31,"block":"pde","trial":4,"id":"p6","beginTimestamp":"2017-09-05 13:30:52","endTimestamp":"2017-09-05 14:16:35","age":24,"experience":5,"gender":"Male","language":"Python","presentationOrder":"ACB","easier":"ZenStates","easierwhy":"The combination of a graphic display and common variable names made it the most straightforward. PD and more normal programming require the learning of a new syntax; C had a simple syntax.","harder":"Dataflow","harderwhy":"I'm much more comfortable in standard programming environments than in ones like Max/MSP or PD. Processing is similar in structure to the Python or C++ programs I've written in the past. "},{"selectedanswer":"inverse_mouseX_to_bright_keypress_random_rgb","rightanswer":"mouseX_to_bright_keypress_rgb","videotime":14.08,"durationtime":31.71,"block":"pde","trial":5,"id":"p6","beginTimestamp":"2017-09-05 13:30:52","endTimestamp":"2017-09-05 14:16:35","age":24,"experience":5,"gender":"Male","language":"Python","presentationOrder":"ACB","easier":"ZenStates","easierwhy":"The combination of a graphic display and common variable names made it the most straightforward. PD and more normal programming require the learning of a new syntax; C had a simple syntax.","harder":"Dataflow","harderwhy":"I'm much more comfortable in standard programming environments than in ones like Max/MSP or PD. Processing is similar in structure to the Python or C++ programs I've written in the past. "},{"selectedanswer":"inverse_mouseX_to_bright_keypress_random_rgb","rightanswer":"inverse_mouseX_to_bright_keypress_random_rgb","videotime":14.14,"durationtime":36.79,"block":"pde","trial":6,"id":"p6","beginTimestamp":"2017-09-05 13:30:52","endTimestamp":"2017-09-05 14:16:35","age":24,"experience":5,"gender":"Male","language":"Python","presentationOrder":"ACB","easier":"ZenStates","easierwhy":"The combination of a graphic display and common variable names made it the most straightforward. PD and more normal programming require the learning of a new syntax; C had a simple syntax.","harder":"Dataflow","harderwhy":"I'm much more comfortable in standard programming environments than in ones like Max/MSP or PD. Processing is similar in structure to the Python or C++ programs I've written in the past. "},{"selectedanswer":"keypress_backward_forwards_ramp_mousexy_rgb","rightanswer":"keypress_backward_forwards_ramp_mousexy_rgb","videotime":30.01,"durationtime":70.86,"block":"pd","trial":1,"id":"p6","beginTimestamp":"2017-09-05 13:30:52","endTimestamp":"2017-09-05 14:16:35","age":24,"experience":5,"gender":"Male","language":"Python","presentationOrder":"ACB","easier":"ZenStates","easierwhy":"The combination of a graphic display and common variable names made it the most straightforward. PD and more normal programming require the learning of a new syntax; C had a simple syntax.","harder":"Dataflow","harderwhy":"I'm much more comfortable in standard programming environments than in ones like Max/MSP or PD. Processing is similar in structure to the Python or C++ programs I've written in the past. "},{"selectedanswer":"mouseX_to_bright","rightanswer":"mouseX_to_bright","videotime":11.76,"durationtime":34.85,"block":"pd","trial":2,"id":"p6","beginTimestamp":"2017-09-05 13:30:52","endTimestamp":"2017-09-05 14:16:35","age":24,"experience":5,"gender":"Male","language":"Python","presentationOrder":"ACB","easier":"ZenStates","easierwhy":"The combination of a graphic display and common variable names made it the most straightforward. PD and more normal programming require the learning of a new syntax; C had a simple syntax.","harder":"Dataflow","harderwhy":"I'm much more comfortable in standard programming environments than in ones like Max/MSP or PD. Processing is similar in structure to the Python or C++ programs I've written in the past. "},{"selectedanswer":"ramp_oscillator","rightanswer":"ramp_oscillator","videotime":14.3,"durationtime":52.32,"block":"pd","trial":3,"id":"p6","beginTimestamp":"2017-09-05 13:30:52","endTimestamp":"2017-09-05 14:16:35","age":24,"experience":5,"gender":"Male","language":"Python","presentationOrder":"ACB","easier":"ZenStates","easierwhy":"The combination of a graphic display and common variable names made it the most straightforward. PD and more normal programming require the learning of a new syntax; C had a simple syntax.","harder":"Dataflow","harderwhy":"I'm much more comfortable in standard programming environments than in ones like Max/MSP or PD. Processing is similar in structure to the Python or C++ programs I've written in the past. "},{"selectedanswer":"mouseX_to_bright_keypress_rgb","rightanswer":"mouseX_to_bright_keypress_rgb","videotime":11.48,"durationtime":32.54,"block":"pd","trial":4,"id":"p6","beginTimestamp":"2017-09-05 13:30:52","endTimestamp":"2017-09-05 14:16:35","age":24,"experience":5,"gender":"Male","language":"Python","presentationOrder":"ACB","easier":"ZenStates","easierwhy":"The combination of a graphic display and common variable names made it the most straightforward. PD and more normal programming require the learning of a new syntax; C had a simple syntax.","harder":"Dataflow","harderwhy":"I'm much more comfortable in standard programming environments than in ones like Max/MSP or PD. Processing is similar in structure to the Python or C++ programs I've written in the past. "},{"selectedanswer":"mouse_osc_amp","rightanswer":"mouse_osc_amp","videotime":32.4,"durationtime":66.6,"block":"pd","trial":5,"id":"p6","beginTimestamp":"2017-09-05 13:30:52","endTimestamp":"2017-09-05 14:16:35","age":24,"experience":5,"gender":"Male","language":"Python","presentationOrder":"ACB","easier":"ZenStates","easierwhy":"The combination of a graphic display and common variable names made it the most straightforward. PD and more normal programming require the learning of a new syntax; C had a simple syntax.","harder":"Dataflow","harderwhy":"I'm much more comfortable in standard programming environments than in ones like Max/MSP or PD. Processing is similar in structure to the Python or C++ programs I've written in the past. "},{"selectedanswer":"mouseXY_RGB_keypress_osc_slow_fast","rightanswer":"mouseXY_RGB_keypress_osc_slow_fast","videotime":50.66,"durationtime":72.64,"block":"pd","trial":6,"id":"p6","beginTimestamp":"2017-09-05 13:30:52","endTimestamp":"2017-09-05 14:16:35","age":24,"experience":5,"gender":"Male","language":"Python","presentationOrder":"ACB","easier":"ZenStates","easierwhy":"The combination of a graphic display and common variable names made it the most straightforward. PD and more normal programming require the learning of a new syntax; C had a simple syntax.","harder":"Dataflow","harderwhy":"I'm much more comfortable in standard programming environments than in ones like Max/MSP or PD. Processing is similar in structure to the Python or C++ programs I've written in the past. "}]
