[{"selectedanswer":"ramp_off_wait_ramp_in","rightanswer":"ramp_off_random_wait_ramp_in","videotime":41.31,"durationtime":98.6,"block":"zen","trial":1,"id":"p5","beginTimestamp":"2017-09-04 17:20:26","endTimestamp":"2017-09-04 18:20:53","age":27,"experience":7,"gender":"Male","language":"Max/MSP","presentationOrder":"ABC","easier":"ZenStates","easierwhy":"Made more logically. Understanding is less based on the knowledge of the program it's built with.","harder":"Imperative","harderwhy":"It's the program I know the less."},{"selectedanswer":"mouseclick_flickering_mouseX_flickering_time","rightanswer":"mouseclick_flickering_mouseX_flickering_time","videotime":22.07,"durationtime":63.72,"block":"zen","trial":2,"id":"p5","beginTimestamp":"2017-09-04 17:20:26","endTimestamp":"2017-09-04 18:20:53","age":27,"experience":7,"gender":"Male","language":"Max/MSP","presentationOrder":"ABC","easier":"ZenStates","easierwhy":"Made more logically. Understanding is less based on the knowledge of the program it's built with.","harder":"Imperative","harderwhy":"It's the program I know the less."},{"selectedanswer":"ramp_off_wait_ramp_in","rightanswer":"ramp_off_wait_ramp_in","videotime":34.8,"durationtime":90.14,"block":"zen","trial":3,"id":"p5","beginTimestamp":"2017-09-04 17:20:26","endTimestamp":"2017-09-04 18:20:53","age":27,"experience":7,"gender":"Male","language":"Max/MSP","presentationOrder":"ABC","easier":"ZenStates","easierwhy":"Made more logically. Understanding is less based on the knowledge of the program it's built with.","harder":"Imperative","harderwhy":"It's the program I know the less."},{"selectedanswer":"inverse_mouseX_to_bright","rightanswer":"inverse_mouseX_to_bright","videotime":16.67,"durationtime":61.07,"block":"zen","trial":4,"id":"p5","beginTimestamp":"2017-09-04 17:20:26","endTimestamp":"2017-09-04 18:20:53","age":27,"experience":7,"gender":"Male","language":"Max/MSP","presentationOrder":"ABC","easier":"ZenStates","easierwhy":"Made more logically. Understanding is less based on the knowledge of the program it's built with.","harder":"Imperative","harderwhy":"It's the program I know the less."},{"selectedanswer":"random_flickering_wait_silence","rightanswer":"random_flickering_wait_silence","videotime":26.66,"durationtime":80.03,"block":"zen","trial":5,"id":"p5","beginTimestamp":"2017-09-04 17:20:26","endTimestamp":"2017-09-04 18:20:53","age":27,"experience":7,"gender":"Male","language":"Max/MSP","presentationOrder":"ABC","easier":"ZenStates","easierwhy":"Made more logically. Understanding is less based on the knowledge of the program it's built with.","harder":"Imperative","harderwhy":"It's the program I know the less."},{"selectedanswer":"mouseXY_ramp_off_random_waitRGB_ramp_in_mouse_freq","rightanswer":"mouseXY_ramp_off_random_waitRGB_ramp_in_mouse_freq","videotime":73.64,"durationtime":122.38,"block":"zen","trial":6,"id":"p5","beginTimestamp":"2017-09-04 17:20:26","endTimestamp":"2017-09-04 18:20:53","age":27,"experience":7,"gender":"Male","language":"Max/MSP","presentationOrder":"ABC","easier":"ZenStates","easierwhy":"Made more logically. Understanding is less based on the knowledge of the program it's built with.","harder":"Imperative","harderwhy":"It's the program I know the less."},{"selectedanswer":"ramp_off_wait_ramp_in","rightanswer":"ramp_off_wait_ramp_in","videotime":19.72,"durationtime":54.19,"block":"pd","trial":1,"id":"p5","beginTimestamp":"2017-09-04 17:20:26","endTimestamp":"2017-09-04 18:20:53","age":27,"experience":7,"gender":"Male","language":"Max/MSP","presentationOrder":"ABC","easier":"ZenStates","easierwhy":"Made more logically. Understanding is less based on the knowledge of the program it's built with.","harder":"Imperative","harderwhy":"It's the program I know the less."},{"selectedanswer":"mouseclick_flickering_mouseX_flickering_time","rightanswer":"mouseclick_flickering_mouseX_flickering_time","videotime":31.67,"durationtime":72.77,"block":"pd","trial":2,"id":"p5","beginTimestamp":"2017-09-04 17:20:26","endTimestamp":"2017-09-04 18:20:53","age":27,"experience":7,"gender":"Male","language":"Max/MSP","presentationOrder":"ABC","easier":"ZenStates","easierwhy":"Made more logically. Understanding is less based on the knowledge of the program it's built with.","harder":"Imperative","harderwhy":"It's the program I know the less."},{"selectedanswer":"mouseXY_osc_slow_waitRGB_osc_fast","rightanswer":"mouseXY_osc_slow_waitRGB_osc_fast","videotime":45.95,"durationtime":87.08,"block":"pd","trial":3,"id":"p5","beginTimestamp":"2017-09-04 17:20:26","endTimestamp":"2017-09-04 18:20:53","age":27,"experience":7,"gender":"Male","language":"Max/MSP","presentationOrder":"ABC","easier":"ZenStates","easierwhy":"Made more logically. Understanding is less based on the knowledge of the program it's built with.","harder":"Imperative","harderwhy":"It's the program I know the less."},{"selectedanswer":"inverse_mouseX_to_bright","rightanswer":"inverse_mouseX_to_bright","videotime":29.97,"durationtime":84.99,"block":"pd","trial":4,"id":"p5","beginTimestamp":"2017-09-04 17:20:26","endTimestamp":"2017-09-04 18:20:53","age":27,"experience":7,"gender":"Male","language":"Max/MSP","presentationOrder":"ABC","easier":"ZenStates","easierwhy":"Made more logically. Understanding is less based on the knowledge of the program it's built with.","harder":"Imperative","harderwhy":"It's the program I know the less."},{"selectedanswer":"mouse_osc_amp","rightanswer":"mouse_osc_amp","videotime":63.28,"durationtime":133.62,"block":"pd","trial":5,"id":"p5","beginTimestamp":"2017-09-04 17:20:26","endTimestamp":"2017-09-04 18:20:53","age":27,"experience":7,"gender":"Male","language":"Max/MSP","presentationOrder":"ABC","easier":"ZenStates","easierwhy":"Made more logically. Understanding is less based on the knowledge of the program it's built with.","harder":"Imperative","harderwhy":"It's the program I know the less."},{"selectedanswer":"random_flickering_wait_silence","rightanswer":"random_flickering_wait_silence","videotime":22.12,"durationtime":48.22,"block":"pd","trial":6,"id":"p5","beginTimestamp":"2017-09-04 17:20:26","endTimestamp":"2017-09-04 18:20:53","age":27,"experience":7,"gender":"Male","language":"Max/MSP","presentationOrder":"ABC","easier":"ZenStates","easierwhy":"Made more logically. Understanding is less based on the knowledge of the program it's built with.","harder":"Imperative","harderwhy":"It's the program I know the less."},{"selectedanswer":"ramp_off_random_wait_ramp_in","rightanswer":"random_flickering_wait_silence","videotime":23.35,"durationtime":80.34,"block":"pde","trial":1,"id":"p5","beginTimestamp":"2017-09-04 17:20:26","endTimestamp":"2017-09-04 18:20:53","age":27,"experience":7,"gender":"Male","language":"Max/MSP","presentationOrder":"ABC","easier":"ZenStates","easierwhy":"Made more logically. Understanding is less based on the knowledge of the program it's built with.","harder":"Imperative","harderwhy":"It's the program I know the less."},{"selectedanswer":"mouseXY_osc_slow_waitRGB_osc_fast","rightanswer":"mouseXY_osc_slow_waitRGB_osc_fast","videotime":99.39,"durationtime":187.45,"block":"pde","trial":2,"id":"p5","beginTimestamp":"2017-09-04 17:20:26","endTimestamp":"2017-09-04 18:20:53","age":27,"experience":7,"gender":"Male","language":"Max/MSP","presentationOrder":"ABC","easier":"ZenStates","easierwhy":"Made more logically. Understanding is less based on the knowledge of the program it's built with.","harder":"Imperative","harderwhy":"It's the program I know the less."},{"selectedanswer":"mouse_osc_amp","rightanswer":"mouse_osc_amp","videotime":73.8,"durationtime":145.22,"block":"pde","trial":3,"id":"p5","beginTimestamp":"2017-09-04 17:20:26","endTimestamp":"2017-09-04 18:20:53","age":27,"experience":7,"gender":"Male","language":"Max/MSP","presentationOrder":"ABC","easier":"ZenStates","easierwhy":"Made more logically. Understanding is less based on the knowledge of the program it's built with.","harder":"Imperative","harderwhy":"It's the program I know the less."},{"selectedanswer":"ramp_off_random_wait_ramp_in","rightanswer":"ramp_off_random_wait_ramp_in","videotime":36.22,"durationtime":73.27,"block":"pde","trial":4,"id":"p5","beginTimestamp":"2017-09-04 17:20:26","endTimestamp":"2017-09-04 18:20:53","age":27,"experience":7,"gender":"Male","language":"Max/MSP","presentationOrder":"ABC","easier":"ZenStates","easierwhy":"Made more logically. Understanding is less based on the knowledge of the program it's built with.","harder":"Imperative","harderwhy":"It's the program I know the less."},{"selectedanswer":"ramp_off_wait_ramp_in","rightanswer":"ramp_off_wait_ramp_in","videotime":31.1,"durationtime":83.4,"block":"pde","trial":5,"id":"p5","beginTimestamp":"2017-09-04 17:20:26","endTimestamp":"2017-09-04 18:20:53","age":27,"experience":7,"gender":"Male","language":"Max/MSP","presentationOrder":"ABC","easier":"ZenStates","easierwhy":"Made more logically. Understanding is less based on the knowledge of the program it's built with.","harder":"Imperative","harderwhy":"It's the program I know the less."},{"selectedanswer":"mouseclick_flickering_mouseX_flickering_time","rightanswer":"mouseclick_flickering_mouseX_flickering_time","videotime":8.31,"durationtime":42.07,"block":"pde","trial":6,"id":"p5","beginTimestamp":"2017-09-04 17:20:26","endTimestamp":"2017-09-04 18:20:53","age":27,"experience":7,"gender":"Male","language":"Max/MSP","presentationOrder":"ABC","easier":"ZenStates","easierwhy":"Made more logically. Understanding is less based on the knowledge of the program it's built with.","harder":"Imperative","harderwhy":"It's the program I know the less."}]
