[{"selectedanswer":"backward_ramp","rightanswer":"backward_ramp","videotime":52.88,"durationtime":85.93,"block":"zen","trial":1,"id":"p11","beginTimestamp":"2017-09-08 13:44:08","endTimestamp":"2017-09-08 15:30:40","age":44,"experience":3,"gender":"Female","language":"Processing","presentationOrder":"ABC","easier":"ZenStates","easierwhy":"Even if I know a little about Processing, (maybe) as a designer the graphic seems simpler to understand to me. ","harder":"Dataflow","harderwhy":"It is a new way for me to look at code, but also, I think the different lines make it harder to see what is the <linearity> of the code. "},{"selectedanswer":"mouseX_RG_AMP_mousey_B_freq","rightanswer":"mouseX_RG_AMP_mousey_B_freq","videotime":128.69,"durationtime":166.84,"block":"zen","trial":2,"id":"p11","beginTimestamp":"2017-09-08 13:44:08","endTimestamp":"2017-09-08 15:30:40","age":44,"experience":3,"gender":"Female","language":"Processing","presentationOrder":"ABC","easier":"ZenStates","easierwhy":"Even if I know a little about Processing, (maybe) as a designer the graphic seems simpler to understand to me. ","harder":"Dataflow","harderwhy":"It is a new way for me to look at code, but also, I think the different lines make it harder to see what is the <linearity> of the code. "},{"selectedanswer":"mouseclick_flickering_mouseX_flickering_time","rightanswer":"mouseclick_flickering_mouseX_flickering_time","videotime":98.95,"durationtime":154.29,"block":"zen","trial":3,"id":"p11","beginTimestamp":"2017-09-08 13:44:08","endTimestamp":"2017-09-08 15:30:40","age":44,"experience":3,"gender":"Female","language":"Processing","presentationOrder":"ABC","easier":"ZenStates","easierwhy":"Even if I know a little about Processing, (maybe) as a designer the graphic seems simpler to understand to me. ","harder":"Dataflow","harderwhy":"It is a new way for me to look at code, but also, I think the different lines make it harder to see what is the <linearity> of the code. "},{"selectedanswer":"mouse_osc_amp","rightanswer":"mouseXY_osc_slow_waitRGB_osc_fast","videotime":93.08,"durationtime":178.58,"block":"zen","trial":4,"id":"p11","beginTimestamp":"2017-09-08 13:44:08","endTimestamp":"2017-09-08 15:30:40","age":44,"experience":3,"gender":"Female","language":"Processing","presentationOrder":"ABC","easier":"ZenStates","easierwhy":"Even if I know a little about Processing, (maybe) as a designer the graphic seems simpler to understand to me. ","harder":"Dataflow","harderwhy":"It is a new way for me to look at code, but also, I think the different lines make it harder to see what is the <linearity> of the code. "},{"selectedanswer":"random_flickering_random_wait_silence","rightanswer":"random_flickering_random_wait_silence","videotime":86.15,"durationtime":135.99,"block":"zen","trial":5,"id":"p11","beginTimestamp":"2017-09-08 13:44:08","endTimestamp":"2017-09-08 15:30:40","age":44,"experience":3,"gender":"Female","language":"Processing","presentationOrder":"ABC","easier":"ZenStates","easierwhy":"Even if I know a little about Processing, (maybe) as a designer the graphic seems simpler to understand to me. ","harder":"Dataflow","harderwhy":"It is a new way for me to look at code, but also, I think the different lines make it harder to see what is the <linearity> of the code. "},{"selectedanswer":"mouse_osc_amp","rightanswer":"mouse_osc_amp","videotime":84.2,"durationtime":137.1,"block":"zen","trial":6,"id":"p11","beginTimestamp":"2017-09-08 13:44:08","endTimestamp":"2017-09-08 15:30:40","age":44,"experience":3,"gender":"Female","language":"Processing","presentationOrder":"ABC","easier":"ZenStates","easierwhy":"Even if I know a little about Processing, (maybe) as a designer the graphic seems simpler to understand to me. ","harder":"Dataflow","harderwhy":"It is a new way for me to look at code, but also, I think the different lines make it harder to see what is the <linearity> of the code. "},{"selectedanswer":"mouseXY_osc_slow_waitRGB_osc_fast","rightanswer":"mouseXY_osc_slow_waitRGB_osc_fast","videotime":152.9,"durationtime":246.79,"block":"pd","trial":1,"id":"p11","beginTimestamp":"2017-09-08 13:44:08","endTimestamp":"2017-09-08 15:30:40","age":44,"experience":3,"gender":"Female","language":"Processing","presentationOrder":"ABC","easier":"ZenStates","easierwhy":"Even if I know a little about Processing, (maybe) as a designer the graphic seems simpler to understand to me. ","harder":"Dataflow","harderwhy":"It is a new way for me to look at code, but also, I think the different lines make it harder to see what is the <linearity> of the code. "},{"selectedanswer":"inverse_mouseX_to_bright","rightanswer":"inverse_mouseX_to_bright","videotime":46.3,"durationtime":81.74,"block":"pd","trial":2,"id":"p11","beginTimestamp":"2017-09-08 13:44:08","endTimestamp":"2017-09-08 15:30:40","age":44,"experience":3,"gender":"Female","language":"Processing","presentationOrder":"ABC","easier":"ZenStates","easierwhy":"Even if I know a little about Processing, (maybe) as a designer the graphic seems simpler to understand to me. ","harder":"Dataflow","harderwhy":"It is a new way for me to look at code, but also, I think the different lines make it harder to see what is the <linearity> of the code. "},{"selectedanswer":"mouse_osc_amp","rightanswer":"mouseclick_flickering_mouseX_flickering_time","videotime":75.81,"durationtime":116.51,"block":"pd","trial":3,"id":"p11","beginTimestamp":"2017-09-08 13:44:08","endTimestamp":"2017-09-08 15:30:40","age":44,"experience":3,"gender":"Female","language":"Processing","presentationOrder":"ABC","easier":"ZenStates","easierwhy":"Even if I know a little about Processing, (maybe) as a designer the graphic seems simpler to understand to me. ","harder":"Dataflow","harderwhy":"It is a new way for me to look at code, but also, I think the different lines make it harder to see what is the <linearity> of the code. "},{"selectedanswer":"backward_ramp","rightanswer":"backward_ramp","videotime":36.06,"durationtime":88.38,"block":"pd","trial":4,"id":"p11","beginTimestamp":"2017-09-08 13:44:08","endTimestamp":"2017-09-08 15:30:40","age":44,"experience":3,"gender":"Female","language":"Processing","presentationOrder":"ABC","easier":"ZenStates","easierwhy":"Even if I know a little about Processing, (maybe) as a designer the graphic seems simpler to understand to me. ","harder":"Dataflow","harderwhy":"It is a new way for me to look at code, but also, I think the different lines make it harder to see what is the <linearity> of the code. "},{"selectedanswer":"mouse_osc_amp","rightanswer":"mouse_osc_amp","videotime":66.44,"durationtime":140.37,"block":"pd","trial":5,"id":"p11","beginTimestamp":"2017-09-08 13:44:08","endTimestamp":"2017-09-08 15:30:40","age":44,"experience":3,"gender":"Female","language":"Processing","presentationOrder":"ABC","easier":"ZenStates","easierwhy":"Even if I know a little about Processing, (maybe) as a designer the graphic seems simpler to understand to me. ","harder":"Dataflow","harderwhy":"It is a new way for me to look at code, but also, I think the different lines make it harder to see what is the <linearity> of the code. "},{"selectedanswer":"mouse_ramp_off_waitRGB_ramp_in_freq_amp","rightanswer":"mouseX_RG_AMP_mousey_B_freq","videotime":148.18,"durationtime":198.85,"block":"pd","trial":6,"id":"p11","beginTimestamp":"2017-09-08 13:44:08","endTimestamp":"2017-09-08 15:30:40","age":44,"experience":3,"gender":"Female","language":"Processing","presentationOrder":"ABC","easier":"ZenStates","easierwhy":"Even if I know a little about Processing, (maybe) as a designer the graphic seems simpler to understand to me. ","harder":"Dataflow","harderwhy":"It is a new way for me to look at code, but also, I think the different lines make it harder to see what is the <linearity> of the code. "},{"selectedanswer":"mouseX_RG_AMP_mousey_B_freq","rightanswer":"mouseX_RG_AMP_mousey_B_freq","videotime":61.88,"durationtime":110.4,"block":"pde","trial":1,"id":"p11","beginTimestamp":"2017-09-08 13:44:08","endTimestamp":"2017-09-08 15:30:40","age":44,"experience":3,"gender":"Female","language":"Processing","presentationOrder":"ABC","easier":"ZenStates","easierwhy":"Even if I know a little about Processing, (maybe) as a designer the graphic seems simpler to understand to me. ","harder":"Dataflow","harderwhy":"It is a new way for me to look at code, but also, I think the different lines make it harder to see what is the <linearity> of the code. "},{"selectedanswer":"inverse_mouseX_to_bright","rightanswer":"inverse_mouseX_to_bright","videotime":39.18,"durationtime":76.97,"block":"pde","trial":2,"id":"p11","beginTimestamp":"2017-09-08 13:44:08","endTimestamp":"2017-09-08 15:30:40","age":44,"experience":3,"gender":"Female","language":"Processing","presentationOrder":"ABC","easier":"ZenStates","easierwhy":"Even if I know a little about Processing, (maybe) as a designer the graphic seems simpler to understand to me. ","harder":"Dataflow","harderwhy":"It is a new way for me to look at code, but also, I think the different lines make it harder to see what is the <linearity> of the code. "},{"selectedanswer":"mouseclick_flickering_mouseX_flickering_time","rightanswer":"mouseclick_flickering_mouseX_flickering_time","videotime":64.91,"durationtime":175.09,"block":"pde","trial":3,"id":"p11","beginTimestamp":"2017-09-08 13:44:08","endTimestamp":"2017-09-08 15:30:40","age":44,"experience":3,"gender":"Female","language":"Processing","presentationOrder":"ABC","easier":"ZenStates","easierwhy":"Even if I know a little about Processing, (maybe) as a designer the graphic seems simpler to understand to me. ","harder":"Dataflow","harderwhy":"It is a new way for me to look at code, but also, I think the different lines make it harder to see what is the <linearity> of the code. "},{"selectedanswer":"random_flickering_random_wait_silence","rightanswer":"backward_ramp","videotime":58.05,"durationtime":123.41,"block":"pde","trial":4,"id":"p11","beginTimestamp":"2017-09-08 13:44:08","endTimestamp":"2017-09-08 15:30:40","age":44,"experience":3,"gender":"Female","language":"Processing","presentationOrder":"ABC","easier":"ZenStates","easierwhy":"Even if I know a little about Processing, (maybe) as a designer the graphic seems simpler to understand to me. ","harder":"Dataflow","harderwhy":"It is a new way for me to look at code, but also, I think the different lines make it harder to see what is the <linearity> of the code. "},{"selectedanswer":"mouse_osc_amp","rightanswer":"mouse_osc_amp","videotime":72.66,"durationtime":135.16,"block":"pde","trial":5,"id":"p11","beginTimestamp":"2017-09-08 13:44:08","endTimestamp":"2017-09-08 15:30:40","age":44,"experience":3,"gender":"Female","language":"Processing","presentationOrder":"ABC","easier":"ZenStates","easierwhy":"Even if I know a little about Processing, (maybe) as a designer the graphic seems simpler to understand to me. ","harder":"Dataflow","harderwhy":"It is a new way for me to look at code, but also, I think the different lines make it harder to see what is the <linearity> of the code. "},{"selectedanswer":"mouseX_RG_AMP_mousey_B_freq","rightanswer":"mouseXY_osc_slow_waitRGB_osc_fast","videotime":118.04,"durationtime":273.9,"block":"pde","trial":6,"id":"p11","beginTimestamp":"2017-09-08 13:44:08","endTimestamp":"2017-09-08 15:30:40","age":44,"experience":3,"gender":"Female","language":"Processing","presentationOrder":"ABC","easier":"ZenStates","easierwhy":"Even if I know a little about Processing, (maybe) as a designer the graphic seems simpler to understand to me. ","harder":"Dataflow","harderwhy":"It is a new way for me to look at code, but also, I think the different lines make it harder to see what is the <linearity> of the code. "}]
