[{"selectedanswer":"simple_random","rightanswer":"random_flickering_wait_silence","videotime":71.81,"durationtime":96.48,"block":"pd","trial":1,"id":"KS1989","beginTimestamp":"2017-08-17 20:40:19","endTimestamp":"2017-08-17 21:51:15","age":28,"experience":0,"gender":"Female","language":"None","presentationOrder":"BAC","easier":"ZenStates","easierwhy":"because of the graphic presentation","harder":"Imperative","harderwhy":"because of the textual presentation. it is hard to understand the connection between the events."},{"selectedanswer":"forward_ramp","rightanswer":"simple_random","videotime":71.29,"durationtime":88.76,"block":"pd","trial":2,"id":"KS1989","beginTimestamp":"2017-08-17 20:40:19","endTimestamp":"2017-08-17 21:51:15","age":28,"experience":0,"gender":"Female","language":"None","presentationOrder":"BAC","easier":"ZenStates","easierwhy":"because of the graphic presentation","harder":"Imperative","harderwhy":"because of the textual presentation. it is hard to understand the connection between the events."},{"selectedanswer":"keypress_chageRGB_mouseX_flickering_opacity","rightanswer":"mouseX_to_bright_keypress_rgb","videotime":109.53,"durationtime":129.24,"block":"pd","trial":3,"id":"KS1989","beginTimestamp":"2017-08-17 20:40:19","endTimestamp":"2017-08-17 21:51:15","age":28,"experience":0,"gender":"Female","language":"None","presentationOrder":"BAC","easier":"ZenStates","easierwhy":"because of the graphic presentation","harder":"Imperative","harderwhy":"because of the textual presentation. it is hard to understand the connection between the events."},{"selectedanswer":"inverse_mouseX_to_bright_keypress_random_rgb","rightanswer":"inverse_mouseX_to_bright_keypress_random_rgb","videotime":38.05,"durationtime":53.13,"block":"pd","trial":4,"id":"KS1989","beginTimestamp":"2017-08-17 20:40:19","endTimestamp":"2017-08-17 21:51:15","age":28,"experience":0,"gender":"Female","language":"None","presentationOrder":"BAC","easier":"ZenStates","easierwhy":"because of the graphic presentation","harder":"Imperative","harderwhy":"because of the textual presentation. it is hard to understand the connection between the events."},{"selectedanswer":"inverse_mouseX_to_bright_keypress_random_rgb","rightanswer":"mouseX_RG_AMP_mousey_B_freq","videotime":70.98,"durationtime":95.39,"block":"pd","trial":5,"id":"KS1989","beginTimestamp":"2017-08-17 20:40:19","endTimestamp":"2017-08-17 21:51:15","age":28,"experience":0,"gender":"Female","language":"None","presentationOrder":"BAC","easier":"ZenStates","easierwhy":"because of the graphic presentation","harder":"Imperative","harderwhy":"because of the textual presentation. it is hard to understand the connection between the events."},{"selectedanswer":"mouseclick_flickering_mouseX_flickering_time","rightanswer":"mouseclick_flickering_mouseX_flickering_time","videotime":86.75,"durationtime":100.97,"block":"pd","trial":6,"id":"KS1989","beginTimestamp":"2017-08-17 20:40:19","endTimestamp":"2017-08-17 21:51:15","age":28,"experience":0,"gender":"Female","language":"None","presentationOrder":"BAC","easier":"ZenStates","easierwhy":"because of the graphic presentation","harder":"Imperative","harderwhy":"because of the textual presentation. it is hard to understand the connection between the events."},{"selectedanswer":"mouse_ramp_off_waitRGB_ramp_in_freq_amp","rightanswer":"random_flickering_random_wait_silence","videotime":67.47,"durationtime":86.88,"block":"zen","trial":1,"id":"KS1989","beginTimestamp":"2017-08-17 20:40:19","endTimestamp":"2017-08-17 21:51:15","age":28,"experience":0,"gender":"Female","language":"None","presentationOrder":"BAC","easier":"ZenStates","easierwhy":"because of the graphic presentation","harder":"Imperative","harderwhy":"because of the textual presentation. it is hard to understand the connection between the events."},{"selectedanswer":"mouseclick_flickering_mouseX_flickering_time","rightanswer":"ramp_off_random_wait_ramp_in","videotime":81.69,"durationtime":103.37,"block":"zen","trial":2,"id":"KS1989","beginTimestamp":"2017-08-17 20:40:19","endTimestamp":"2017-08-17 21:51:15","age":28,"experience":0,"gender":"Female","language":"None","presentationOrder":"BAC","easier":"ZenStates","easierwhy":"because of the graphic presentation","harder":"Imperative","harderwhy":"because of the textual presentation. it is hard to understand the connection between the events."},{"selectedanswer":"mouseXY_ramp_off_random_waitRGB_ramp_in_mouse_freq","rightanswer":"ramp_off_wait_ramp_in","videotime":111.79,"durationtime":140.29,"block":"zen","trial":3,"id":"KS1989","beginTimestamp":"2017-08-17 20:40:19","endTimestamp":"2017-08-17 21:51:15","age":28,"experience":0,"gender":"Female","language":"None","presentationOrder":"BAC","easier":"ZenStates","easierwhy":"because of the graphic presentation","harder":"Imperative","harderwhy":"because of the textual presentation. it is hard to understand the connection between the events."},{"selectedanswer":"mouseX_to_bright","rightanswer":"mouseX_to_bright","videotime":107.53,"durationtime":129.18,"block":"zen","trial":4,"id":"KS1989","beginTimestamp":"2017-08-17 20:40:19","endTimestamp":"2017-08-17 21:51:15","age":28,"experience":0,"gender":"Female","language":"None","presentationOrder":"BAC","easier":"ZenStates","easierwhy":"because of the graphic presentation","harder":"Imperative","harderwhy":"because of the textual presentation. it is hard to understand the connection between the events."},{"selectedanswer":"mouseclick_random","rightanswer":"mouseclick_random","videotime":42.98,"durationtime":64.7,"block":"zen","trial":5,"id":"KS1989","beginTimestamp":"2017-08-17 20:40:19","endTimestamp":"2017-08-17 21:51:15","age":28,"experience":0,"gender":"Female","language":"None","presentationOrder":"BAC","easier":"ZenStates","easierwhy":"because of the graphic presentation","harder":"Imperative","harderwhy":"because of the textual presentation. it is hard to understand the connection between the events."},{"selectedanswer":"mouse_osc_amp","rightanswer":"simple_osc","videotime":86.08,"durationtime":106.63,"block":"zen","trial":6,"id":"KS1989","beginTimestamp":"2017-08-17 20:40:19","endTimestamp":"2017-08-17 21:51:15","age":28,"experience":0,"gender":"Female","language":"None","presentationOrder":"BAC","easier":"ZenStates","easierwhy":"because of the graphic presentation","harder":"Imperative","harderwhy":"because of the textual presentation. it is hard to understand the connection between the events."},{"selectedanswer":"inverse_mouseX_to_bright","rightanswer":"inverse_mouseX_to_bright","videotime":68.12,"durationtime":82.86,"block":"pde","trial":1,"id":"KS1989","beginTimestamp":"2017-08-17 20:40:19","endTimestamp":"2017-08-17 21:51:15","age":28,"experience":0,"gender":"Female","language":"None","presentationOrder":"BAC","easier":"ZenStates","easierwhy":"because of the graphic presentation","harder":"Imperative","harderwhy":"because of the textual presentation. it is hard to understand the connection between the events."},{"selectedanswer":"backward_ramp","rightanswer":"random_flickering_random_wait_silence","videotime":58.59,"durationtime":100.93,"block":"pde","trial":2,"id":"KS1989","beginTimestamp":"2017-08-17 20:40:19","endTimestamp":"2017-08-17 21:51:15","age":28,"experience":0,"gender":"Female","language":"None","presentationOrder":"BAC","easier":"ZenStates","easierwhy":"because of the graphic presentation","harder":"Imperative","harderwhy":"because of the textual presentation. it is hard to understand the connection between the events."},{"selectedanswer":"keypress_chageRGB_mouseX_flickering_opacity","rightanswer":"keypress_chageRGB_mouseX_flickering_opacity","videotime":88.99,"durationtime":121.64,"block":"pde","trial":3,"id":"KS1989","beginTimestamp":"2017-08-17 20:40:19","endTimestamp":"2017-08-17 21:51:15","age":28,"experience":0,"gender":"Female","language":"None","presentationOrder":"BAC","easier":"ZenStates","easierwhy":"because of the graphic presentation","harder":"Imperative","harderwhy":"because of the textual presentation. it is hard to understand the connection between the events."},{"selectedanswer":"mouseX_to_bright","rightanswer":"ramp_oscillator","videotime":62.73,"durationtime":91.41,"block":"pde","trial":4,"id":"KS1989","beginTimestamp":"2017-08-17 20:40:19","endTimestamp":"2017-08-17 21:51:15","age":28,"experience":0,"gender":"Female","language":"None","presentationOrder":"BAC","easier":"ZenStates","easierwhy":"because of the graphic presentation","harder":"Imperative","harderwhy":"because of the textual presentation. it is hard to understand the connection between the events."},{"selectedanswer":"keypress_backward_forwards_ramp_mousexy_rgb","rightanswer":"keypress_backward_forwards_ramp_mousexy_rgb","videotime":91.82,"durationtime":115.15,"block":"pde","trial":5,"id":"KS1989","beginTimestamp":"2017-08-17 20:40:19","endTimestamp":"2017-08-17 21:51:15","age":28,"experience":0,"gender":"Female","language":"None","presentationOrder":"BAC","easier":"ZenStates","easierwhy":"because of the graphic presentation","harder":"Imperative","harderwhy":"because of the textual presentation. it is hard to understand the connection between the events."},{"selectedanswer":"mouse_osc_amp_click_stop","rightanswer":"mouse_osc_amp_click_stop","videotime":60.17,"durationtime":89.71,"block":"pde","trial":6,"id":"KS1989","beginTimestamp":"2017-08-17 20:40:19","endTimestamp":"2017-08-17 21:51:15","age":28,"experience":0,"gender":"Female","language":"None","presentationOrder":"BAC","easier":"ZenStates","easierwhy":"because of the graphic presentation","harder":"Imperative","harderwhy":"because of the textual presentation. it is hard to understand the connection between the events."}]
