[{"selectedanswer":"keypress_backward_forwards_ramp_mousexy_rgb","rightanswer":"mouse_osc_amp","videotime":96.97,"durationtime":194.95,"block":"pde","trial":1,"id":"an1976","beginTimestamp":"2017-08-22 14:21:18","endTimestamp":"2017-08-22 15:54:36","age":41,"experience":10,"gender":"Male","language":"C++","presentationOrder":"CBA","easier":"ZenStates","easierwhy":"Flow diagram type of model is easier to follow as you can recognize big patterns of actions. ","harder":"Dataflow","harderwhy":"You need to be aware of what each patch cord is doing and where it is going for every single event. It is not modular as C or even B that has specific functions. "},{"selectedanswer":"mouseXY_RGB_keypress_osc_slow_fast","rightanswer":"keypress_backward_forwards_ramp_mousexy_rgb","videotime":121.24,"durationtime":273.06,"block":"pde","trial":2,"id":"an1976","beginTimestamp":"2017-08-22 14:21:18","endTimestamp":"2017-08-22 15:54:36","age":41,"experience":10,"gender":"Male","language":"C++","presentationOrder":"CBA","easier":"ZenStates","easierwhy":"Flow diagram type of model is easier to follow as you can recognize big patterns of actions. ","harder":"Dataflow","harderwhy":"You need to be aware of what each patch cord is doing and where it is going for every single event. It is not modular as C or even B that has specific functions. "},{"selectedanswer":"mouseXY_ramp_off_random_waitRGB_ramp_in_mouse_freq","rightanswer":"mouseXY_ramp_off_random_waitRGB_ramp_in_mouse_freq","videotime":159.49,"durationtime":281,"block":"pde","trial":3,"id":"an1976","beginTimestamp":"2017-08-22 14:21:18","endTimestamp":"2017-08-22 15:54:36","age":41,"experience":10,"gender":"Male","language":"C++","presentationOrder":"CBA","easier":"ZenStates","easierwhy":"Flow diagram type of model is easier to follow as you can recognize big patterns of actions. ","harder":"Dataflow","harderwhy":"You need to be aware of what each patch cord is doing and where it is going for every single event. It is not modular as C or even B that has specific functions. "},{"selectedanswer":"random_flickering_wait_silence","rightanswer":"random_flickering_wait_silence","videotime":132.27,"durationtime":237.51,"block":"pde","trial":4,"id":"an1976","beginTimestamp":"2017-08-22 14:21:18","endTimestamp":"2017-08-22 15:54:36","age":41,"experience":10,"gender":"Male","language":"C++","presentationOrder":"CBA","easier":"ZenStates","easierwhy":"Flow diagram type of model is easier to follow as you can recognize big patterns of actions. ","harder":"Dataflow","harderwhy":"You need to be aware of what each patch cord is doing and where it is going for every single event. It is not modular as C or even B that has specific functions. "},{"selectedanswer":"ramp_oscillator","rightanswer":"ramp_oscillator","videotime":94.34,"durationtime":221.52,"block":"pde","trial":5,"id":"an1976","beginTimestamp":"2017-08-22 14:21:18","endTimestamp":"2017-08-22 15:54:36","age":41,"experience":10,"gender":"Male","language":"C++","presentationOrder":"CBA","easier":"ZenStates","easierwhy":"Flow diagram type of model is easier to follow as you can recognize big patterns of actions. ","harder":"Dataflow","harderwhy":"You need to be aware of what each patch cord is doing and where it is going for every single event. It is not modular as C or even B that has specific functions. "},{"selectedanswer":"ramp_off_wait_ramp_in","rightanswer":"ramp_off_wait_ramp_in","videotime":105.57,"durationtime":250.47,"block":"pde","trial":6,"id":"an1976","beginTimestamp":"2017-08-22 14:21:18","endTimestamp":"2017-08-22 15:54:36","age":41,"experience":10,"gender":"Male","language":"C++","presentationOrder":"CBA","easier":"ZenStates","easierwhy":"Flow diagram type of model is easier to follow as you can recognize big patterns of actions. ","harder":"Dataflow","harderwhy":"You need to be aware of what each patch cord is doing and where it is going for every single event. It is not modular as C or even B that has specific functions. "},{"selectedanswer":"mouseXY_ramp_off_random_waitRGB_ramp_in_mouse_freq","rightanswer":"mouseXY_ramp_off_random_waitRGB_ramp_in_mouse_freq","videotime":89.23,"durationtime":255.04,"block":"pd","trial":1,"id":"an1976","beginTimestamp":"2017-08-22 14:21:18","endTimestamp":"2017-08-22 15:54:36","age":41,"experience":10,"gender":"Male","language":"C++","presentationOrder":"CBA","easier":"ZenStates","easierwhy":"Flow diagram type of model is easier to follow as you can recognize big patterns of actions. ","harder":"Dataflow","harderwhy":"You need to be aware of what each patch cord is doing and where it is going for every single event. It is not modular as C or even B that has specific functions. "},{"selectedanswer":"mouse_osc_amp","rightanswer":"mouse_osc_amp","videotime":89.46,"durationtime":146.36,"block":"pd","trial":2,"id":"an1976","beginTimestamp":"2017-08-22 14:21:18","endTimestamp":"2017-08-22 15:54:36","age":41,"experience":10,"gender":"Male","language":"C++","presentationOrder":"CBA","easier":"ZenStates","easierwhy":"Flow diagram type of model is easier to follow as you can recognize big patterns of actions. ","harder":"Dataflow","harderwhy":"You need to be aware of what each patch cord is doing and where it is going for every single event. It is not modular as C or even B that has specific functions. "},{"selectedanswer":"random_flickering_wait_silence","rightanswer":"random_flickering_wait_silence","videotime":55.84,"durationtime":101.77,"block":"pd","trial":3,"id":"an1976","beginTimestamp":"2017-08-22 14:21:18","endTimestamp":"2017-08-22 15:54:36","age":41,"experience":10,"gender":"Male","language":"C++","presentationOrder":"CBA","easier":"ZenStates","easierwhy":"Flow diagram type of model is easier to follow as you can recognize big patterns of actions. ","harder":"Dataflow","harderwhy":"You need to be aware of what each patch cord is doing and where it is going for every single event. It is not modular as C or even B that has specific functions. "},{"selectedanswer":"keypress_backward_forwards_ramp_mousexy_rgb","rightanswer":"mouseXY_RGB_keypress_osc_slow_fast","videotime":92.98,"durationtime":215.46,"block":"pd","trial":4,"id":"an1976","beginTimestamp":"2017-08-22 14:21:18","endTimestamp":"2017-08-22 15:54:36","age":41,"experience":10,"gender":"Male","language":"C++","presentationOrder":"CBA","easier":"ZenStates","easierwhy":"Flow diagram type of model is easier to follow as you can recognize big patterns of actions. ","harder":"Dataflow","harderwhy":"You need to be aware of what each patch cord is doing and where it is going for every single event. It is not modular as C or even B that has specific functions. "},{"selectedanswer":"mouseXY_RGB_keypress_osc_slow_fast","rightanswer":"keypress_backward_forwards_ramp_mousexy_rgb","videotime":76.06,"durationtime":202.18,"block":"pd","trial":5,"id":"an1976","beginTimestamp":"2017-08-22 14:21:18","endTimestamp":"2017-08-22 15:54:36","age":41,"experience":10,"gender":"Male","language":"C++","presentationOrder":"CBA","easier":"ZenStates","easierwhy":"Flow diagram type of model is easier to follow as you can recognize big patterns of actions. ","harder":"Dataflow","harderwhy":"You need to be aware of what each patch cord is doing and where it is going for every single event. It is not modular as C or even B that has specific functions. "},{"selectedanswer":"ramp_off_wait_ramp_in","rightanswer":"ramp_off_wait_ramp_in","videotime":45.23,"durationtime":70.33,"block":"pd","trial":6,"id":"an1976","beginTimestamp":"2017-08-22 14:21:18","endTimestamp":"2017-08-22 15:54:36","age":41,"experience":10,"gender":"Male","language":"C++","presentationOrder":"CBA","easier":"ZenStates","easierwhy":"Flow diagram type of model is easier to follow as you can recognize big patterns of actions. ","harder":"Dataflow","harderwhy":"You need to be aware of what each patch cord is doing and where it is going for every single event. It is not modular as C or even B that has specific functions. "},{"selectedanswer":"backward_ramp","rightanswer":"backward_ramp","videotime":49.29,"durationtime":75.76,"block":"zen","trial":1,"id":"an1976","beginTimestamp":"2017-08-22 14:21:18","endTimestamp":"2017-08-22 15:54:36","age":41,"experience":10,"gender":"Male","language":"C++","presentationOrder":"CBA","easier":"ZenStates","easierwhy":"Flow diagram type of model is easier to follow as you can recognize big patterns of actions. ","harder":"Dataflow","harderwhy":"You need to be aware of what each patch cord is doing and where it is going for every single event. It is not modular as C or even B that has specific functions. "},{"selectedanswer":"keypress_backward_forwards_ramp_mousexy_rgb","rightanswer":"keypress_backward_forwards_ramp_mousexy_rgb","videotime":78.71,"durationtime":105.89,"block":"zen","trial":2,"id":"an1976","beginTimestamp":"2017-08-22 14:21:18","endTimestamp":"2017-08-22 15:54:36","age":41,"experience":10,"gender":"Male","language":"C++","presentationOrder":"CBA","easier":"ZenStates","easierwhy":"Flow diagram type of model is easier to follow as you can recognize big patterns of actions. ","harder":"Dataflow","harderwhy":"You need to be aware of what each patch cord is doing and where it is going for every single event. It is not modular as C or even B that has specific functions. "},{"selectedanswer":"ramp_off_wait_ramp_in","rightanswer":"ramp_off_wait_ramp_in","videotime":42.48,"durationtime":77.41,"block":"zen","trial":3,"id":"an1976","beginTimestamp":"2017-08-22 14:21:18","endTimestamp":"2017-08-22 15:54:36","age":41,"experience":10,"gender":"Male","language":"C++","presentationOrder":"CBA","easier":"ZenStates","easierwhy":"Flow diagram type of model is easier to follow as you can recognize big patterns of actions. ","harder":"Dataflow","harderwhy":"You need to be aware of what each patch cord is doing and where it is going for every single event. It is not modular as C or even B that has specific functions. "},{"selectedanswer":"mouseXY_ramp_off_random_waitRGB_ramp_in_mouse_freq","rightanswer":"mouseXY_ramp_off_random_waitRGB_ramp_in_mouse_freq","videotime":88.84,"durationtime":130.07,"block":"zen","trial":4,"id":"an1976","beginTimestamp":"2017-08-22 14:21:18","endTimestamp":"2017-08-22 15:54:36","age":41,"experience":10,"gender":"Male","language":"C++","presentationOrder":"CBA","easier":"ZenStates","easierwhy":"Flow diagram type of model is easier to follow as you can recognize big patterns of actions. ","harder":"Dataflow","harderwhy":"You need to be aware of what each patch cord is doing and where it is going for every single event. It is not modular as C or even B that has specific functions. "},{"selectedanswer":"mouseXY_RGB_keypress_osc_slow_fast","rightanswer":"mouseXY_RGB_keypress_osc_slow_fast","videotime":129.18,"durationtime":173.8,"block":"zen","trial":5,"id":"an1976","beginTimestamp":"2017-08-22 14:21:18","endTimestamp":"2017-08-22 15:54:36","age":41,"experience":10,"gender":"Male","language":"C++","presentationOrder":"CBA","easier":"ZenStates","easierwhy":"Flow diagram type of model is easier to follow as you can recognize big patterns of actions. ","harder":"Dataflow","harderwhy":"You need to be aware of what each patch cord is doing and where it is going for every single event. It is not modular as C or even B that has specific functions. "},{"selectedanswer":"mouse_osc_amp","rightanswer":"mouse_osc_amp","videotime":86.92,"durationtime":109.72,"block":"zen","trial":6,"id":"an1976","beginTimestamp":"2017-08-22 14:21:18","endTimestamp":"2017-08-22 15:54:36","age":41,"experience":10,"gender":"Male","language":"C++","presentationOrder":"CBA","easier":"ZenStates","easierwhy":"Flow diagram type of model is easier to follow as you can recognize big patterns of actions. ","harder":"Dataflow","harderwhy":"You need to be aware of what each patch cord is doing and where it is going for every single event. It is not modular as C or even B that has specific functions. "}]
